timeMS,x,y,z,yaw
1677144929157,0.0,0.0,-2.105,-180.0
1677144929190,-0.0,0.0,-2.104,179.997
1677144929238,-0.0,0.0,-2.098,179.959
1677144929285,-0.003,0.0,-2.081,179.81
1677144929332,-0.014,0.001,-2.075,179.607
1677144929379,-0.032,0.001,-2.078,179.358
1677144929426,-0.064,0.003,-2.091,179.047
1677144929473,-0.118,0.005,-2.118,178.646
1677144929521,-0.179,0.007,-2.145,178.296
1677144929569,-0.241,0.01,-2.168,178.013
1677144929616,-0.329,0.013,-2.191,177.703
1677144929664,-0.41,0.016,-2.205,177.499
1677144929712,-0.497,0.019,-2.212,177.348
1677144929759,-0.609,0.024,-2.212,177.237
1677144929806,-0.709,0.028,-2.206,177.197
1677144929853,-0.814,0.032,-2.194,177.199
1677144929900,-0.925,0.036,-2.177,177.236
1677144929946,-1.033,0.04,-2.157,177.295
1677144929993,-1.187,0.046,-2.124,177.402
1677144930039,-1.306,0.05,-2.095,177.491
1677144930084,-1.438,0.055,-2.061,177.592
1677144930131,-1.565,0.06,-2.027,177.684
1677144930178,-1.734,0.066,-1.981,177.796
1677144930226,-1.88,0.072,-1.939,177.879
1677144930272,-2.019,0.077,-1.899,177.945
1677144930318,-2.183,0.083,-1.852,178.006
1677144930364,-2.34,0.089,-1.807,178.049
1677144930411,-2.534,0.096,-1.752,178.083
1677144930458,-2.699,0.102,-1.705,178.097
1677144930505,-2.867,0.108,-1.658,178.099
1677144930552,-3.026,0.114,-1.614,178.093
1677144930598,-3.247,0.123,-1.553,178.073
1677144930645,-3.424,0.129,-1.506,178.052
1677144930693,-3.603,0.136,-1.459,178.026
1677144930741,-3.797,0.143,-1.409,177.997
1677144930788,-3.968,0.149,-1.365,177.972
1677144930834,-4.191,0.158,-1.309,177.94
1677144930880,-4.379,0.164,-1.263,177.917
1677144930927,-4.581,0.172,-1.214,177.895
1677144930975,-4.773,0.179,-1.168,177.878
1677144931022,-4.966,0.186,-1.123,177.865
1677144931069,-5.199,0.195,-1.069,177.854
1677144931116,-5.395,0.202,-1.025,177.848
1677144931162,-5.579,0.209,-0.983,177.846
1677144931209,-5.777,0.216,-0.939,177.847
1677144931256,-6.016,0.225,-0.886,177.85
1677144931304,-6.217,0.232,-0.843,177.85
1677144931350,-6.405,0.239,-0.805,177.832
1677144931397,-6.621,0.247,-0.767,177.777
1677144931445,-6.825,0.255,-0.744,177.683
1677144931492,-7.072,0.264,-0.733,177.509
1677144931540,-7.279,0.273,-0.732,177.305
1677144931586,-7.473,0.281,-0.734,177.063
1677144931634,-7.737,0.292,-0.738,176.657
1677144931681,-7.946,0.302,-0.741,176.28
1677144931728,-8.155,0.311,-0.745,175.863
1677144931774,-8.351,0.321,-0.747,175.446
1677144931820,-8.561,0.332,-0.743,174.982
1677144931868,-8.813,0.345,-0.724,174.416
1677144931914,-9.024,0.356,-0.702,173.951
1677144931961,-9.234,0.369,-0.686,173.501
1677144932007,-9.432,0.381,-0.681,173.105
1677144932054,-9.644,0.396,-0.68,172.711
1677144932100,-9.913,0.415,-0.682,172.258
1677144932147,-10.139,0.432,-0.684,171.868
1677144932194,-10.338,0.448,-0.686,171.466
1677144932241,-10.551,0.466,-0.688,170.935
1677144932287,-10.764,0.485,-0.691,170.27
1677144932334,-10.977,0.506,-0.695,169.454
1677144932380,-11.232,0.532,-0.7,168.27
1677144932428,-11.445,0.557,-0.704,167.117
1677144932475,-11.672,0.584,-0.71,165.736
1677144932522,-11.885,0.613,-0.716,164.322
1677144932569,-12.097,0.643,-0.723,162.817
1677144932615,-12.309,0.677,-0.731,161.249
1677144932663,-12.563,0.72,-0.741,159.323
1677144932708,-12.76,0.756,-0.749,157.82
1677144932756,-12.97,0.798,-0.758,156.232
1677144932804,-13.235,0.855,-0.771,154.288
1677144932851,-13.444,0.904,-0.782,152.831
1677144932897,-13.638,0.952,-0.792,151.548
1677144932944,-13.845,1.006,-0.802,150.267
1677144932991,-14.092,1.075,-0.816,148.869
1677144933039,-14.297,1.136,-0.827,147.826
1677144933085,-14.488,1.196,-0.837,146.951
1677144933130,-14.691,1.263,-0.848,146.119
1677144933178,-14.933,1.347,-0.86,145.258
1677144933226,-15.134,1.421,-0.871,144.646
1677144933273,-15.347,1.502,-0.881,144.091
1677144933320,-15.532,1.576,-0.89,143.68
1677144933366,-15.73,1.658,-0.899,143.309
1677144933412,-15.979,1.765,-0.91,142.927
1677144933459,-16.161,1.847,-0.918,142.7
1677144933507,-16.355,1.937,-0.926,142.499
1677144933554,-16.586,2.048,-0.934,142.304
1677144933600,-16.765,2.137,-0.94,142.18
1677144933648,-16.944,2.228,-0.946,142.075
1677144933694,-17.134,2.327,-0.952,141.979
1677144933741,-17.373,2.456,-0.958,141.874
1677144933787,-17.548,2.552,-0.963,141.805
1677144933834,-17.735,2.658,-0.967,141.738
1677144933881,-17.921,2.765,-0.971,141.675
1677144933928,-18.156,2.904,-0.976,141.6
1677144933974,-18.328,3.007,-0.979,141.548
1677144934023,-18.511,3.12,-0.982,141.497
1677144934070,-18.73,3.257,-0.985,141.44
1677144934117,-18.9,3.364,-0.987,141.401
1677144934164,-19.082,3.481,-0.989,141.366
1677144934211,-19.262,3.599,-0.991,141.338
1677144934258,-19.491,3.75,-0.993,141.313
1677144934305,-19.67,3.87,-0.994,141.302
1677144934351,-19.837,3.984,-0.995,141.275
1677144934398,-20.004,4.098,-0.997,141.207
1677144934445,-20.229,4.254,-0.998,141.012
1677144934493,-20.394,4.371,-1.0,140.774
1677144934540,-20.571,4.496,-1.001,140.42
1677144934586,-20.735,4.614,-1.003,139.994
1677144934633,-20.957,4.776,-1.006,139.272
1677144934679,-21.131,4.905,-1.008,138.594
1677144934727,-21.305,5.036,-1.01,137.832
1677144934773,-21.466,5.159,-1.013,137.058
1677144934819,-21.637,5.291,-1.016,136.174
1677144934866,-21.819,5.435,-1.019,135.185
1677144934914,-22.0,5.579,-1.022,134.168
1677144934961,-22.201,5.744,-1.027,133.011
1677144935007,-22.368,5.883,-1.031,132.05
1677144935053,-22.534,6.023,-1.035,131.103
1677144935098,-22.687,6.156,-1.039,130.239
1677144935146,-22.882,6.328,-1.044,129.165
1677144935193,-23.043,6.473,-1.048,128.304
1677144935239,-23.203,6.62,-1.053,127.477
1677144935286,-23.35,6.758,-1.058,126.734
1677144935334,-23.538,6.938,-1.064,125.819
1677144935381,-23.693,7.089,-1.069,125.088
1677144935428,-23.846,7.242,-1.075,124.38
1677144935475,-23.998,7.397,-1.08,123.694
1677144935522,-24.177,7.585,-1.087,122.895
1677144935570,-24.315,7.733,-1.092,122.291
1677144935615,-24.461,7.892,-1.098,121.663
1677144935660,-24.605,8.054,-1.104,121.058
1677144935706,-24.776,8.249,-1.111,120.368
1677144935753,-24.916,8.414,-1.116,119.826
1677144935800,-25.045,8.569,-1.121,119.353
1677144935848,-25.209,8.769,-1.127,118.796
1677144935896,-25.344,8.938,-1.132,118.379
1677144935942,-25.477,9.109,-1.137,118.006
1677144935988,-25.608,9.28,-1.141,117.678
1677144936035,-25.738,9.453,-1.145,117.397
1677144936083,-25.891,9.662,-1.15,117.118
1677144936129,-26.017,9.837,-1.154,116.932
1677144936176,-26.142,10.014,-1.157,116.785
1677144936223,-26.265,10.191,-1.16,116.675
1677144936269,-26.387,10.37,-1.163,116.596
1677144936316,-26.532,10.585,-1.166,116.54
1677144936364,-26.659,10.778,-1.168,116.518
1677144936410,-26.777,10.959,-1.17,116.518
1677144936457,-26.893,11.142,-1.172,116.534
1677144936504,-27.009,11.325,-1.173,116.562
1677144936551,-27.124,11.508,-1.175,116.601
1677144936598,-27.267,11.742,-1.176,116.661
1677144936645,-27.372,11.915,-1.177,116.711
1677144936691,-27.491,12.113,-1.178,116.772
1677144936738,-27.595,12.287,-1.179,116.83
1677144936786,-27.727,12.511,-1.18,116.907
1677144936832,-27.829,12.686,-1.18,116.971
1677144936878,-27.937,12.874,-1.181,117.042
1677144936924,-28.045,13.062,-1.181,117.117
1677144936972,-28.153,13.25,-1.181,117.196
1677144937018,-28.281,13.477,-1.182,117.297
1677144937066,-28.388,13.666,-1.182,117.387
1677144937112,-28.494,13.856,-1.182,117.483
1677144937159,-28.6,14.046,-1.182,117.586
1677144937205,-28.705,14.236,-1.182,117.696
1677144937252,-28.832,14.464,-1.182,117.838
1677144937299,-28.916,14.616,-1.182,117.939
1677144937344,-29.048,14.857,-1.182,118.108
1677144937392,-29.146,15.035,-1.182,118.24
1677144937440,-29.251,15.226,-1.182,118.389
1677144937486,-29.355,15.417,-1.182,118.545
1677144937534,-29.488,15.658,-1.182,118.746
1677144937582,-29.585,15.836,-1.182,118.843
1677144937628,-29.696,16.04,-1.182,118.804
1677144937675,-29.801,16.231,-1.182,118.549
1677144937722,-29.898,16.409,-1.182,118.072
1677144937768,-30.028,16.652,-1.183,117.003
1677144937816,-30.13,16.844,-1.185,115.792
1677144937863,-30.231,17.037,-1.188,114.255
1677144937910,-30.329,17.231,-1.192,112.404
1677144937956,-30.433,17.438,-1.198,110.109
1677144938004,-30.527,17.634,-1.206,107.691
1677144938053,-30.618,17.83,-1.215,105.052
1677144938099,-30.711,18.041,-1.228,102.042
1677144938147,-30.822,18.306,-1.249,98.075
1677144938194,-30.885,18.467,-1.263,95.625
1677144938240,-30.964,18.682,-1.285,92.321
1677144938287,-31.042,18.912,-1.311,88.814
1677144938334,-31.108,19.129,-1.338,85.565
1677144938381,-31.172,19.361,-1.37,82.219
1677144938428,-31.217,19.54,-1.395,79.766
1677144938476,-31.265,19.76,-1.428,76.922
1677144938523,-31.306,19.981,-1.461,74.309
1677144938569,-31.343,20.216,-1.497,71.816
1677144938616,-31.372,20.438,-1.531,69.749
1677144938663,-31.392,20.646,-1.562,68.06
1677144938708,-31.405,20.827,-1.589,66.785
1677144938755,-31.417,21.063,-1.622,65.374
1677144938803,-31.421,21.286,-1.653,64.293
1677144938849,-31.42,21.508,-1.683,63.432
1677144938896,-31.415,21.674,-1.704,62.917
1677144938943,-31.402,21.924,-1.734,62.328
1677144938991,-31.386,22.131,-1.757,61.983
1677144939038,-31.364,22.352,-1.781,61.734
1677144939085,-31.333,22.6,-1.805,61.57
1677144939131,-31.307,22.779,-1.821,61.507
1677144939177,-31.268,23.012,-1.841,61.463
1677144939224,-31.224,23.244,-1.859,61.434
1677144939272,-31.191,23.408,-1.871,61.408
1677144939319,-31.142,23.626,-1.886,61.354
1677144939365,-31.09,23.843,-1.9,61.267
1677144939412,-31.029,24.073,-1.913,61.133
1677144939459,-30.969,24.289,-1.924,60.965
1677144939505,-30.905,24.504,-1.935,60.76
1677144939551,-30.855,24.664,-1.942,60.583
1677144939598,-30.781,24.891,-1.952,60.306
1677144939646,-30.708,25.104,-1.96,60.025
1677144939693,-30.633,25.317,-1.967,59.732
1677144939739,-30.554,25.528,-1.974,59.436
1677144939772,-30.514,25.634,-1.977,59.29
1677144939819,-30.415,25.884,-1.983,58.952
1677144939866,-30.341,26.068,-1.988,58.717
1677144939914,-30.253,26.277,-1.992,58.469
1677144939961,-30.163,26.486,-1.997,58.245
1677144940006,-30.065,26.707,-2.0,58.038
1677144940053,-29.995,26.863,-2.003,57.911
1677144940099,-29.906,27.057,-2.006,57.775
1677144940145,-29.796,27.289,-2.009,57.643
1677144940193,-29.691,27.508,-2.011,57.549
1677144940239,-29.615,27.662,-2.013,57.499
1677144940285,-29.507,27.88,-2.015,57.448
1677144940332,-29.396,28.097,-2.017,57.417
1677144940378,-29.318,28.25,-2.018,57.405
1677144940426,-29.218,28.441,-2.019,57.401
1677144940472,-29.098,28.669,-2.02,57.407
1677144940519,-29.016,28.822,-2.021,57.417
1677144940566,-28.9,29.037,-2.022,57.444
1677144940613,-28.783,29.251,-2.023,57.489
1677144940661,-28.699,29.403,-2.023,57.531
1677144940706,-28.566,29.642,-2.024,57.619
1677144940755,-28.475,29.805,-2.024,57.695
1677144940801,-28.361,30.006,-2.024,57.805
1677144940847,-28.233,30.232,-2.025,57.951
1677144940893,-28.139,30.395,-2.025,58.07
1677144940941,-28.017,30.608,-2.021,58.243
1677144940987,-27.902,30.808,-2.008,58.421
1677144941034,-27.786,31.008,-1.99,58.612
1677144941081,-27.662,31.22,-1.981,58.827
1677144941127,-27.568,31.383,-1.979,58.997
1677144941175,-27.451,31.583,-1.977,59.213
1677144941222,-27.334,31.783,-1.976,59.436
1677144941268,-27.239,31.945,-1.975,59.623
1677144941316,-27.093,32.195,-1.959,59.919
1677144941364,-26.976,32.395,-1.939,60.163
1677144941411,-26.889,32.545,-1.931,60.35
1677144941459,-26.772,32.745,-1.926,60.602
1677144941505,-26.656,32.945,-1.924,60.86
1677144941552,-26.539,33.146,-1.923,61.124
1677144941600,-26.409,33.372,-1.921,61.428
1677144941647,-26.293,33.572,-1.908,61.707
1677144941693,-26.185,33.761,-1.888,61.976
1677144941740,-26.07,33.962,-1.876,62.269
1677144941786,-25.976,34.126,-1.871,62.511
1677144941832,-25.848,34.353,-1.869,62.853
1677144941879,-25.763,34.504,-1.868,63.084
1677144941927,-25.643,34.719,-1.859,63.415
1677144941974,-25.53,34.921,-1.84,63.732
1677144942021,-25.404,35.15,-1.821,64.091
1677144942068,-25.314,35.315,-1.816,64.351
1677144942115,-25.196,35.531,-1.812,64.689
1677144942162,-25.107,35.697,-1.811,64.946
1677144942208,-24.991,35.914,-1.805,65.277
1677144942255,-24.876,36.132,-1.788,65.6
1677144942301,-24.795,36.285,-1.768,65.823
1677144942349,-24.674,36.516,-1.748,66.148
1677144942396,-24.562,36.735,-1.741,66.441
1677144942443,-24.45,36.954,-1.738,66.721
1677144942490,-24.372,37.109,-1.737,66.909
1677144942537,-24.249,37.355,-1.735,67.188
1677144942584,-24.172,37.511,-1.728,67.351
1677144942631,-24.069,37.718,-1.708,67.552
1677144942678,-23.961,37.939,-1.683,67.747
1677144942725,-23.848,38.173,-1.671,67.933
1677144942771,-23.773,38.33,-1.667,68.046
1677144942817,-23.668,38.553,-1.665,68.191
1677144942864,-23.589,38.723,-1.662,68.288
1677144942911,-23.491,38.933,-1.651,68.393
1677144942958,-23.394,39.143,-1.628,68.483
1677144943003,-23.285,39.379,-1.604,68.567
1677144943050,-23.202,39.564,-1.596,68.622
1677144943098,-23.107,39.775,-1.592,68.675
1677144943145,-23.007,40.0,-1.59,68.722
1677144943191,-22.931,40.172,-1.589,68.759
1677144943238,-22.827,40.411,-1.588,68.825
1677144943284,-22.752,40.583,-1.588,68.889
1677144943330,-22.654,40.809,-1.587,68.998
1677144943376,-22.58,40.982,-1.586,69.102
1677144943424,-22.478,41.222,-1.586,69.276
1677144943471,-22.383,41.449,-1.585,69.47
1677144943517,-22.31,41.622,-1.579,69.635
1677144943564,-22.216,41.85,-1.567,69.868
1677144943611,-22.144,42.023,-1.562,70.056
1677144943657,-22.051,42.251,-1.559,70.309
1677144943704,-21.959,42.48,-1.557,70.563
1677144943750,-21.883,42.668,-1.557,70.769
1677144943799,-21.787,42.91,-1.556,71.025
1677144943846,-21.724,43.072,-1.555,71.186
1677144943893,-21.629,43.314,-1.555,71.41
1677144943940,-21.54,43.544,-1.554,71.599
1677144943987,-21.472,43.719,-1.551,71.728
1677144944034,-21.384,43.949,-1.538,71.876
1677144944080,-21.297,44.179,-1.53,72.001
1677144944127,-21.231,44.356,-1.528,72.081
1677144944174,-21.14,44.6,-1.526,72.172
1677144944221,-21.08,44.763,-1.525,72.221
1677144944267,-20.99,45.008,-1.524,72.278
1677144944314,-20.906,45.239,-1.523,72.317
1677144944361,-20.842,45.416,-1.522,72.337
1677144944408,-20.759,45.648,-1.521,72.353
1677144944455,-20.677,45.88,-1.521,72.359
1677144944502,-20.614,46.057,-1.519,72.358
1677144944550,-20.532,46.29,-1.506,72.351
1677144944597,-20.465,46.481,-1.498,72.342
1677144944644,-20.379,46.727,-1.494,72.327
1677144944691,-20.308,46.932,-1.492,72.312
1677144944738,-20.232,47.152,-1.49,72.294
1677144944785,-20.153,47.385,-1.489,72.273
1677144944832,-20.096,47.549,-1.488,72.257
1677144944879,-20.012,47.796,-1.487,72.231
1677144944926,-19.933,48.029,-1.486,72.203
1677144944973,-19.873,48.208,-1.486,72.179
1677144945018,-19.79,48.455,-1.485,72.143
1677144945064,-19.73,48.634,-1.483,72.114
1677144945112,-19.647,48.881,-1.47,72.07
1677144945159,-19.587,49.059,-1.462,72.036
1677144945206,-19.505,49.307,-1.458,71.986
1677144945253,-19.445,49.486,-1.456,71.948
1677144945301,-19.367,49.719,-1.454,71.895
1677144945348,-19.303,49.912,-1.453,71.85
1677144945395,-19.226,50.146,-1.452,71.792
1677144945443,-19.143,50.393,-1.451,71.728
1677144945490,-19.079,50.586,-1.45,71.688
1677144945537,-19.002,50.82,-1.449,71.77
1677144945583,-18.938,51.013,-1.449,72.05
1677144945629,-18.862,51.247,-1.443,72.76
1677144945676,-18.803,51.426,-1.432,73.626
1677144945723,-18.725,51.674,-1.424,75.29
1677144945770,-18.67,51.854,-1.423,76.857
1677144945816,-18.597,52.104,-1.427,79.558
1677144945862,-18.547,52.285,-1.434,81.884
1677144945909,-18.485,52.521,-1.438,85.363
1677144945957,-18.436,52.716,-1.434,88.559
1677144946003,-18.377,52.967,-1.425,93.017
1677144946050,-18.339,53.148,-1.42,96.415
1677144946095,-18.297,53.386,-1.418,101.004
1677144946143,-18.264,53.623,-1.422,105.676
1677144946191,-18.246,53.804,-1.429,109.253
1677144946239,-18.23,54.04,-1.443,113.878
1677144946285,-18.225,54.274,-1.461,118.382
1677144946330,-18.23,54.494,-1.483,122.446
1677144946377,-18.24,54.671,-1.502,125.569
1677144946424,-18.262,54.901,-1.527,129.353
1677144946469,-18.285,55.075,-1.545,131.987
1677144946516,-18.322,55.301,-1.568,135.066
1677144946563,-18.357,55.473,-1.584,137.13
1677144946609,-18.413,55.707,-1.605,139.566
1677144946655,-18.475,55.926,-1.623,141.423
1677144946702,-18.524,56.078,-1.634,142.483
1677144946749,-18.599,56.292,-1.648,143.652
1677144946795,-18.687,56.515,-1.66,144.5
1677144946842,-18.755,56.675,-1.667,144.893
1677144946890,-18.85,56.88,-1.673,145.17
1677144946938,-18.952,57.083,-1.676,145.228
1677144946984,-19.04,57.248,-1.677,145.149
1677144947030,-19.125,57.399,-1.676,144.998
1677144947077,-19.249,57.606,-1.672,144.71
1677144947123,-19.371,57.798,-1.666,144.395
1677144947169,-19.468,57.944,-1.66,144.148
1677144947217,-19.607,58.142,-1.65,143.827
1677144947264,-19.711,58.284,-1.641,143.623
1677144947312,-19.867,58.489,-1.627,143.386
1677144947359,-19.968,58.617,-1.617,143.278
1677144947405,-20.132,58.817,-1.6,143.178
1677144947450,-20.247,58.952,-1.588,143.158
1677144947497,-20.4,59.127,-1.571,143.188
1677144947543,-20.529,59.27,-1.556,143.253
1677144947590,-20.688,59.441,-1.537,143.374
1677144947637,-20.811,59.571,-1.523,143.489
1677144947683,-20.976,59.739,-1.504,143.658
1677144947731,-21.142,59.906,-1.484,143.838
1677144947777,-21.281,60.042,-1.467,143.986
1677144947825,-21.453,60.206,-1.447,144.155
1677144947872,-21.575,60.321,-1.433,144.263
1677144947919,-21.76,60.492,-1.411,144.403
1677144947966,-21.936,60.653,-1.39,144.505
1677144948013,-22.083,60.784,-1.373,144.565
1677144948060,-22.252,60.933,-1.354,144.606
1677144948107,-22.433,61.09,-1.334,144.618
1677144948154,-22.573,61.21,-1.318,144.606
1677144948201,-22.767,61.375,-1.297,144.561
1677144948249,-22.92,61.503,-1.28,144.507
1677144948294,-23.105,61.657,-1.26,144.42
1677144948340,-23.259,61.784,-1.244,144.335
1677144948388,-23.436,61.928,-1.225,144.226
1677144948435,-23.636,62.09,-1.205,144.09
1677144948482,-23.78,62.206,-1.19,143.987
1677144948529,-23.971,62.358,-1.177,143.847
1677144948576,-24.128,62.483,-1.173,143.729
1677144948623,-24.331,62.642,-1.172,143.573
1677144948669,-24.479,62.758,-1.172,143.459
1677144948716,-24.66,62.9,-1.173,143.314
1677144948763,-24.853,63.05,-1.174,143.155
1677144948810,-25.024,63.182,-1.175,143.01
1677144948856,-25.218,63.333,-1.176,142.839
1677144948902,-25.367,63.447,-1.177,142.702
1677144948949,-25.572,63.606,-1.177,142.504
1677144948996,-25.721,63.721,-1.177,142.354
1677144949042,-25.927,63.88,-1.166,142.136
1677144949090,-26.064,63.986,-1.16,141.984
1677144949136,-26.27,64.145,-1.157,141.747
1677144949182,-26.43,64.269,-1.156,141.554
1677144949229,-26.636,64.429,-1.156,141.297
1677144949276,-26.785,64.544,-1.156,141.103
1677144949323,-26.99,64.704,-1.157,140.824
1677144949369,-27.139,64.82,-1.157,140.614
1677144949416,-27.355,64.99,-1.151,140.295
1677144949462,-27.504,65.106,-1.141,140.068
1677144949509,-27.708,65.267,-1.136,139.743
1677144949557,-27.844,65.376,-1.134,139.52
1677144949604,-28.049,65.538,-1.133,139.177
1677144949651,-28.241,65.692,-1.133,138.844
1677144949698,-28.388,65.811,-1.134,138.583
1677144949745,-28.601,65.984,-1.134,138.199
1677144949791,-28.748,66.103,-1.134,137.978
1677144949839,-28.938,66.259,-1.135,137.825
1677144949885,-29.084,66.379,-1.135,137.86
1677144949931,-29.296,66.554,-1.134,138.214
1677144949977,-29.442,66.674,-1.134,138.694
1677144950024,-29.61,66.813,-1.134,139.507
1677144950071,-29.812,66.978,-1.135,140.86
1677144950117,-29.97,67.106,-1.136,142.194
1677144950164,-30.151,67.251,-1.138,144.005
1677144950209,-30.276,67.35,-1.141,145.416
1677144950256,-30.47,67.501,-1.146,147.838
1677144950302,-30.667,67.649,-1.162,150.498
1677144950349,-30.855,67.784,-1.189,153.187
1677144950396,-31.057,67.924,-1.231,156.212
1677144950443,-31.225,68.035,-1.277,158.808
1677144950490,-31.395,68.141,-1.332,161.473
1677144950538,-31.58,68.251,-1.402,164.368
1677144950585,-31.842,68.395,-1.516,168.382
1677144950634,-31.981,68.467,-1.58,170.401
1677144950680,-32.184,68.567,-1.674,173.169
1677144950726,-32.413,68.674,-1.78,175.986
1677144950774,-32.593,68.754,-1.862,177.931
1677144950820,-32.826,68.85,-1.966,-179.9
1677144950866,-32.995,68.916,-2.042,-178.564
1677144950913,-33.191,68.989,-2.128,-177.251
1677144950959,-33.388,69.057,-2.214,-176.167
1677144951006,-33.586,69.121,-2.299,-175.289
1677144951052,-33.824,69.192,-2.401,-174.47
1677144951100,-34.051,69.254,-2.498,-173.892
1677144951146,-34.238,69.302,-2.576,-173.532
1677144951194,-34.439,69.348,-2.66,-173.238
1677144951240,-34.654,69.394,-2.749,-173.002
1677144951286,-34.856,69.433,-2.833,-172.833
1677144951334,-35.113,69.477,-2.937,-172.665
1677144951380,-35.303,69.506,-3.014,-172.557
1677144951427,-35.493,69.532,-3.09,-172.454
1677144951473,-35.697,69.557,-3.172,-172.341
1677144951520,-35.902,69.578,-3.253,-172.221
1677144951566,-36.106,69.597,-3.333,-172.089
1677144951612,-36.366,69.616,-3.435,-171.906
1677144951660,-36.584,69.629,-3.52,-171.739
1677144951706,-36.776,69.638,-3.595,-171.586
1677144951752,-36.981,69.645,-3.674,-171.416
1677144951798,-37.186,69.649,-3.753,-171.246
1677144951844,-37.378,69.651,-3.827,-171.09
1677144951890,-37.652,69.651,-3.932,-170.877
1677144951937,-37.857,69.649,-4.011,-170.73
1677144951983,-38.049,69.645,-4.084,-170.606
1677144952030,-38.227,69.639,-4.152,-170.504
1677144952075,-38.432,69.632,-4.231,-170.404
1677144952121,-38.706,69.619,-4.336,-170.302
1677144952168,-38.898,69.608,-4.41,-170.253
1677144952215,-39.103,69.595,-4.488,-170.22
1677144952262,-39.308,69.581,-4.567,-170.208
1677144952309,-39.513,69.566,-4.646,-170.215
1677144952356,-39.773,69.545,-4.746,-170.249
1677144952403,-39.978,69.527,-4.826,-170.296
1677144952449,-40.169,69.509,-4.9,-170.352
1677144952496,-40.388,69.488,-4.985,-170.43
1677144952542,-40.579,69.468,-5.059,-170.509
1677144952589,-40.77,69.448,-5.134,-170.598
1677144952637,-41.042,69.419,-5.241,-170.737
1677144952683,-41.233,69.397,-5.316,-170.842
1677144952730,-41.424,69.375,-5.391,-170.954
1677144952775,-41.628,69.351,-5.472,-171.079
1677144952824,-41.886,69.32,-5.574,-171.245
1677144952871,-42.077,69.296,-5.65,-171.374
1677144952917,-42.281,69.271,-5.732,-171.517
1677144952964,-42.471,69.246,-5.808,-171.656
1677144953011,-42.675,69.22,-5.89,-171.81
1677144953056,-42.947,69.185,-6.0,-172.026
1677144953103,-43.15,69.159,-6.082,-172.196
1677144953150,-43.354,69.132,-6.165,-172.374
1677144953197,-43.544,69.108,-6.243,-172.547
1677144953243,-43.747,69.081,-6.326,-172.74
1677144953289,-43.951,69.055,-6.41,-172.942
1677144953337,-44.222,69.019,-6.521,-173.226
1677144953384,-44.411,68.995,-6.6,-173.435
1677144953429,-44.615,68.969,-6.685,-173.669
1677144953477,-44.804,68.945,-6.764,-173.896
1677144953522,-45.021,68.917,-6.854,-174.165
1677144953569,-45.224,68.892,-6.939,-174.429
1677144953615,-45.427,68.867,-7.025,-174.702
1677144953663,-45.684,68.836,-7.134,-175.061
1677144953710,-45.874,68.814,-7.214,-175.335
1677144953756,-46.076,68.79,-7.3,-175.638
1677144953802,-46.32,68.762,-7.404,-176.012
1677144953848,-46.523,68.74,-7.491,-176.331
1677144953895,-46.712,68.72,-7.572,-176.636
1677144953940,-46.915,68.698,-7.66,-176.968
1677144953987,-47.104,68.679,-7.742,-177.283
1677144954033,-47.347,68.655,-7.847,-177.693
1677144954080,-47.536,68.637,-7.929,-178.015
1677144954127,-47.725,68.62,-8.012,-178.338
1677144954175,-47.982,68.598,-8.124,-178.774
1677144954221,-48.171,68.582,-8.207,-179.092
1677144954268,-48.373,68.566,-8.296,-179.427
1677144954315,-48.63,68.547,-8.409,-179.839
1677144954361,-48.819,68.534,-8.492,179.908
1677144954408,-49.008,68.521,-8.574,179.834
1677144954454,-49.21,68.508,-8.657,-179.904
1677144954501,-49.453,68.492,-8.753,-178.96
1677144954547,-49.655,68.478,-8.829,-177.55
1677144954594,-49.843,68.465,-8.898,-175.676
1677144954640,-50.045,68.449,-8.968,-173.054
1677144954687,-50.3,68.426,-9.056,-168.867
1677144954736,-50.501,68.405,-9.123,-164.984
1677144954782,-50.688,68.381,-9.186,-160.991
1677144954829,-50.9,68.35,-9.256,-156.084
1677144954877,-51.111,68.316,-9.317,-150.9
1677144954924,-51.294,68.282,-9.364,-146.179
1677144954971,-51.501,68.237,-9.418,-140.65
1677144955018,-51.704,68.183,-9.475,-135.138
1677144955064,-51.891,68.123,-9.531,-130.105
1677144955111,-52.074,68.056,-9.589,-125.293
1677144955158,-52.264,67.976,-9.653,-120.493
1677144955206,-52.462,67.881,-9.72,-115.872
1677144955251,-52.642,67.784,-9.784,-112.063
1677144955298,-52.775,67.706,-9.83,-109.591
1677144955345,-52.959,67.589,-9.893,-106.692
1677144955392,-53.137,67.464,-9.952,-104.517
1677144955438,-53.301,67.341,-10.004,-103.115
1677144955484,-53.411,67.252,-10.038,-102.492
1677144955531,-53.587,67.102,-10.089,-102.011
1677144955577,-53.749,66.954,-10.133,-102.083
1677144955625,-53.906,66.801,-10.173,-102.56
1677144955672,-54.059,66.642,-10.209,-103.334
1677144955720,-54.156,66.536,-10.23,-103.943
1677144955767,-54.302,66.369,-10.259,-104.982
1677144955814,-54.445,66.198,-10.285,-106.06
1677144955862,-54.575,66.033,-10.307,-107.044
1677144955908,-54.711,65.854,-10.325,-108.01
1677144955955,-54.836,65.683,-10.333,-108.797
1677144956002,-54.929,65.553,-10.334,-109.291
1677144956048,-55.049,65.378,-10.333,-109.809
1677144956094,-55.175,65.188,-10.33,-110.181
1677144956140,-55.297,64.995,-10.325,-110.375
1677144956185,-55.368,64.881,-10.322,-110.412
1677144956233,-55.485,64.683,-10.32,-110.353
1677144956280,-55.605,64.469,-10.325,-110.162
1677144956325,-55.71,64.277,-10.33,-109.909
1677144956372,-55.781,64.144,-10.334,-109.704
1677144956419,-55.888,63.936,-10.339,-109.359
1677144956466,-55.993,63.726,-10.343,-109.004
1677144956512,-56.096,63.514,-10.347,-108.665
1677144956560,-56.198,63.301,-10.344,-108.363
1677144956608,-56.257,63.175,-10.342,-108.205
1677144956655,-56.356,62.959,-10.342,-107.984
1677144956701,-56.448,62.755,-10.343,-107.833
1677144956749,-56.544,62.536,-10.344,-107.735
1677144956797,-56.639,62.316,-10.345,-107.702
1677144956843,-56.7,62.174,-10.346,-107.712
1677144956890,-56.798,61.939,-10.347,-107.778
1677144956937,-56.89,61.716,-10.348,-107.89
1677144956982,-56.981,61.493,-10.348,-108.04
1677144957030,-57.039,61.348,-10.348,-108.153
1677144957078,-57.129,61.123,-10.348,-108.347
1677144957124,-57.213,60.911,-10.348,-108.542
1677144957171,-57.296,60.698,-10.348,-108.745
1677144957217,-57.389,60.458,-10.348,-108.974
1677144957263,-57.471,60.244,-10.348,-109.174
1677144957310,-57.533,60.084,-10.348,-109.321
1677144957357,-57.614,59.869,-10.348,-109.51
1677144957404,-57.695,59.654,-10.348,-109.69
1677144957451,-57.782,59.425,-10.347,-109.873
1677144957498,-57.863,59.21,-10.347,-110.037
1677144957545,-57.948,58.981,-10.347,-110.206
1677144957592,-58.004,58.832,-10.347,-110.312
1677144957640,-58.085,58.616,-10.346,-110.465
1677144957687,-58.17,58.386,-10.346,-110.628
1677144957735,-58.256,58.156,-10.346,-110.794
1677144957782,-58.342,57.926,-10.345,-110.966
1677144957829,-58.423,57.709,-10.345,-111.135
1677144957876,-58.484,57.547,-10.345,-111.268
1677144957921,-58.565,57.33,-10.345,-111.454
1677144957968,-58.652,57.1,-10.345,-111.663
1677144958014,-58.739,56.87,-10.344,-111.887
1677144958061,-58.8,56.707,-10.344,-112.053
1677144958108,-58.888,56.477,-10.344,-112.3
1677144958155,-58.971,56.261,-10.344,-112.546
1677144958202,-59.054,56.044,-10.344,-112.79
1677144958248,-59.143,55.815,-10.343,-112.983
1677144958294,-59.227,55.598,-10.333,-113.039
1677144958343,-59.284,55.45,-10.32,-112.983
1677144958391,-59.374,55.221,-10.293,-112.723
1677144958436,-59.463,54.991,-10.261,-112.243
1677144958483,-59.546,54.775,-10.23,-111.593
1677144958530,-59.635,54.546,-10.195,-110.706
1677144958576,-59.691,54.397,-10.173,-110.033
1677144958624,-59.778,54.167,-10.138,-108.855
1677144958671,-59.864,53.937,-10.102,-107.531
1677144958716,-59.949,53.706,-10.066,-106.081
1677144958764,-60.007,53.543,-10.046,-104.992
1677144958811,-60.083,53.324,-10.03,-103.467
1677144958858,-60.156,53.105,-10.022,-101.851
1677144958905,-60.233,52.872,-10.004,-100.009
1677144958952,-60.313,52.625,-9.97,-97.889
1677144958998,-60.356,52.487,-9.948,-96.627
1677144959044,-60.435,52.226,-9.904,-94.032
1677144959091,-60.501,51.991,-9.865,-91.447
1677144959139,-60.541,51.839,-9.84,-89.625
1677144959185,-60.602,51.59,-9.801,-86.396
1677144959232,-60.65,51.368,-9.769,-83.321
1677144959279,-60.694,51.133,-9.737,-79.955
1677144959327,-60.719,50.98,-9.717,-77.77
1677144959373,-60.752,50.744,-9.688,-74.434
1677144959421,-60.778,50.509,-9.658,-71.195
1677144959467,-60.796,50.274,-9.629,-68.115
1677144959514,-60.807,50.04,-9.6,-65.258
1677144959561,-60.811,49.875,-9.578,-63.408
1677144959608,-60.809,49.642,-9.547,-61.059
1677144959654,-60.802,49.424,-9.515,-59.169
1677144959702,-60.793,49.261,-9.49,-57.964
1677144959749,-60.772,49.017,-9.45,-56.506
1677144959796,-60.747,48.789,-9.41,-55.501
1677144959843,-60.713,48.548,-9.364,-54.804
1677144959890,-60.69,48.401,-9.335,-54.546
1677144959935,-60.646,48.162,-9.285,-54.363
1677144959982,-60.613,48.004,-9.25,-54.382
1677144960029,-60.563,47.78,-9.199,-54.559
1677144960076,-60.504,47.545,-9.142,-54.89
1677144960123,-60.465,47.402,-9.107,-55.14
1677144960169,-60.397,47.169,-9.047,-55.59
1677144960215,-60.325,46.937,-8.985,-56.05
1677144960262,-60.274,46.784,-8.943,-56.345
1677144960309,-60.199,46.567,-8.883,-56.724
1677144960355,-60.115,46.338,-8.817,-57.059
1677144960403,-60.057,46.186,-8.773,-57.238
1677144960448,-59.977,45.985,-8.713,-57.419
1677144960494,-59.884,45.759,-8.645,-57.543
1677144960540,-59.825,45.622,-8.603,-57.58
1677144960589,-59.732,45.41,-8.538,-57.586
1677144960636,-59.631,45.187,-8.468,-57.536
1677144960684,-59.527,44.964,-8.398,-57.443
1677144960731,-59.462,44.829,-8.355,-57.372
1677144960778,-59.353,44.608,-8.284,-57.245
1677144960825,-59.249,44.4,-8.217,-57.122
1677144960873,-59.18,44.265,-8.173,-57.047
1677144960919,-59.06,44.034,-8.098,-56.935
1677144960965,-58.983,43.888,-8.051,-56.88
1677144961012,-58.866,43.669,-7.979,-56.824
1677144961059,-58.755,43.463,-7.912,-56.805
1677144961105,-58.675,43.318,-7.864,-56.812
1677144961153,-58.561,43.113,-7.797,-56.852
1677144961200,-58.446,42.907,-7.729,-56.924
1677144961247,-58.323,42.691,-7.658,-57.035
1677144961293,-58.24,42.546,-7.611,-57.125
1677144961340,-58.122,42.342,-7.544,-57.275
1677144961386,-57.997,42.126,-7.473,-57.455
1677144961432,-57.92,41.993,-7.43,-57.574
1677144961480,-57.793,41.777,-7.359,-57.782
1677144961528,-57.673,41.573,-7.293,-57.989
1677144961576,-57.588,41.429,-7.246,-58.139
1677144961623,-57.459,41.213,-7.175,-58.37
1677144961671,-57.338,41.01,-7.109,-58.593
1677144961718,-57.252,40.866,-7.063,-58.752
1677144961765,-57.124,40.649,-6.993,-58.993
1677144961813,-57.002,40.445,-6.928,-59.224
1677144961859,-56.88,40.241,-6.862,-59.458
1677144961906,-56.786,40.085,-6.812,-59.64
1677144961953,-56.664,39.88,-6.747,-59.882
1677144962001,-56.543,39.675,-6.682,-60.131
1677144962048,-56.457,39.531,-6.637,-60.309
1677144962095,-56.335,39.326,-6.573,-60.535
1677144962142,-56.206,39.108,-6.505,-60.709
1677144962189,-56.121,38.963,-6.461,-60.771
1677144962236,-55.999,38.757,-6.399,-60.767
1677144962282,-55.878,38.551,-6.338,-60.644
1677144962330,-55.793,38.406,-6.295,-60.481
1677144962376,-55.664,38.188,-6.231,-60.119
1677144962423,-55.542,37.982,-6.172,-59.65
1677144962468,-55.456,37.836,-6.131,-59.25
1677144962514,-55.334,37.63,-6.074,-58.594
1677144962562,-55.211,37.424,-6.018,-57.845
1677144962609,-55.123,37.279,-5.978,-57.268
1677144962656,-54.999,37.074,-5.924,-56.395
1677144962702,-54.866,36.857,-5.867,-55.411
1677144962749,-54.785,36.725,-5.833,-54.787
1677144962796,-54.65,36.509,-5.778,-53.731
1677144962843,-54.521,36.306,-5.727,-52.697
1677144962890,-54.384,36.092,-5.675,-51.56
1677144962937,-54.291,35.95,-5.642,-50.781
1677144962984,-54.158,35.749,-5.595,-49.656
1677144963032,-54.024,35.55,-5.55,-48.526
1677144963079,-53.928,35.41,-5.518,-47.737
1677144963124,-53.782,35.201,-5.472,-46.578
1677144963171,-53.683,35.062,-5.441,-45.829
1677144963217,-53.533,34.856,-5.396,-44.751
1677144963263,-53.39,34.663,-5.353,-43.795
1677144963311,-53.244,34.471,-5.311,-42.912
1677144963358,-53.14,34.336,-5.282,-42.336
1677144963405,-52.991,34.147,-5.241,-41.595
1677144963453,-52.839,33.96,-5.2,-40.944
1677144963498,-52.722,33.818,-5.168,-40.51
1677144963546,-52.567,33.633,-5.127,-40.022
1677144963593,-52.411,33.45,-5.086,-39.623
1677144963640,-52.289,33.311,-5.054,-39.375
1677144963688,-52.129,33.131,-5.013,-39.117
1677144963734,-51.958,32.941,-4.969,-38.918
1677144963781,-51.842,32.816,-4.94,-38.822
1677144963828,-51.668,32.629,-4.895,-38.726
1677144963876,-51.491,32.444,-4.851,-38.677
1677144963921,-51.373,32.322,-4.821,-38.664
1677144963967,-51.193,32.139,-4.776,-38.668
1677144964015,-51.083,32.028,-4.749,-38.681
1677144964062,-50.901,31.848,-4.704,-38.714
1677144964110,-50.729,31.679,-4.661,-38.754
1677144964157,-50.606,31.56,-4.631,-38.785
1677144964205,-50.421,31.382,-4.586,-38.834
1677144964252,-50.234,31.206,-4.54,-38.885
1677144964298,-50.11,31.089,-4.51,-38.919
1677144964345,-49.932,30.924,-4.467,-38.968
1677144964392,-49.743,30.75,-4.421,-39.022
1677144964439,-49.616,30.635,-4.391,-39.06
1677144964486,-49.415,30.453,-4.343,-39.124
1677144964534,-49.288,30.338,-4.312,-39.169
1677144964580,-49.096,30.167,-4.267,-39.244
1677144964628,-48.957,30.044,-4.234,-39.304
1677144964675,-48.775,29.883,-4.191,-39.392
1677144964721,-48.582,29.713,-4.145,-39.498
1677144964768,-48.42,29.571,-4.107,-39.598
1677144964816,-48.269,29.439,-4.072,-39.7
1677144964863,-48.086,29.28,-4.029,-39.837
1677144964911,-47.891,29.111,-3.984,-39.996
1677144964958,-47.761,28.998,-3.954,-40.111
1677144965004,-47.566,28.83,-3.909,-40.296
1677144965051,-47.381,28.67,-3.866,-40.483
1677144965097,-47.251,28.558,-3.837,-40.622
1677144965145,-47.056,28.389,-3.792,-40.84
1677144965193,-46.925,28.277,-3.762,-40.992
1677144965239,-46.73,28.108,-3.717,-41.228
1677144965286,-46.524,27.93,-3.67,-41.487
1677144965333,-46.393,27.817,-3.641,-41.655
1677144965380,-46.209,27.657,-3.599,-41.899
1677144965428,-46.014,27.488,-3.555,-42.162
1677144965474,-45.895,27.384,-3.528,-42.325
1677144965522,-45.689,27.205,-3.481,-42.611
1677144965569,-45.56,27.091,-3.452,-42.793
1677144965616,-45.365,26.92,-3.408,-43.068
1677144965663,-45.182,26.759,-3.367,-43.328
1677144965710,-45.053,26.644,-3.338,-43.513
1677144965758,-44.86,26.472,-3.307,-43.789
1677144965805,-44.721,26.347,-3.295,-43.988
1677144965852,-44.539,26.184,-3.272,-44.245
1677144965899,-44.357,26.02,-3.236,-44.497
1677144965947,-44.166,25.846,-3.192,-44.755
1677144965992,-44.028,25.72,-3.158,-44.936
1677144966039,-43.837,25.546,-3.11,-45.175
1677144966085,-43.71,25.429,-3.079,-45.327
1677144966132,-43.531,25.263,-3.034,-45.531
1677144966178,-43.341,25.087,-2.987,-45.731
1677144966225,-43.216,24.97,-2.955,-45.854
1677144966271,-43.027,24.792,-2.909,-46.023
1677144966317,-42.902,24.674,-2.878,-46.126
1677144966364,-42.725,24.506,-2.834,-46.256
1677144966411,-42.538,24.327,-2.788,-46.374
1677144966457,-42.414,24.208,-2.757,-46.443
1677144966504,-42.228,24.028,-2.712,-46.531
1677144966552,-42.104,23.908,-2.682,-46.579
1677144966598,-41.909,23.718,-2.634,-46.641
1677144966643,-41.786,23.597,-2.604,-46.673
1677144966690,-41.602,23.416,-2.562,-46.72
1677144966737,-41.418,23.233,-2.537,-46.776
1677144966784,-41.296,23.111,-2.531,-46.824
1677144966831,-41.113,22.927,-2.529,-46.919
1677144966878,-40.991,22.805,-2.531,-47.001
1677144966925,-40.799,22.61,-2.534,-47.17
1677144966973,-40.628,22.435,-2.537,-47.371
1677144967019,-40.507,22.311,-2.539,-47.547
1677144967067,-40.327,22.126,-2.542,-47.882
