timeMS,x,y,z,yaw,collisions,
1682590923071,0.0,0.0,-2.135,178.755
1682590923115,-0.0,0.0,-2.134,178.773
1682590923163,-0.001,0.0,-2.125,178.776
1682590923211,-0.005,0.0,-2.112,178.757
1682590923259,-0.019,0.001,-2.11,178.713
1682590923307,-0.046,0.001,-2.119,178.65
1682590923355,-0.087,0.003,-2.139,178.573
1682590923402,-0.14,0.004,-2.165,178.49
1682590923450,-0.2,0.006,-2.19,178.412
1682590923499,-0.273,0.008,-2.213,178.334
1682590923546,-0.359,0.011,-2.231,178.263
1682590923594,-0.441,0.013,-2.24,178.212
1682590923642,-0.536,0.016,-2.244,178.171
1682590923690,-0.638,0.019,-2.241,178.144
1682590923738,-0.746,0.023,-2.231,178.13
1682590923786,-0.86,0.026,-2.215,178.128
1682590923833,-0.98,0.03,-2.193,178.135
1682590923881,-1.098,0.033,-2.168,178.148
1682590923929,-1.239,0.037,-2.134,178.169
1682590923975,-1.376,0.042,-2.099,178.193
1682590924023,-1.51,0.046,-2.062,178.216
1682590924071,-1.659,0.05,-2.021,178.24
1682590924118,-1.812,0.055,-1.977,178.263
1682590924166,-1.969,0.059,-1.931,178.284
1682590924214,-2.142,0.064,-1.88,178.302
1682590924262,-2.298,0.069,-1.834,178.315
1682590924310,-2.469,0.074,-1.785,178.325
1682590924357,-2.633,0.079,-1.737,178.331
1682590924405,-2.811,0.085,-1.686,178.335
1682590924453,-2.992,0.09,-1.635,178.335
1682590924501,-3.176,0.095,-1.584,178.333
1682590924549,-3.364,0.101,-1.533,178.329
1682590924597,-3.566,0.107,-1.479,178.324
1682590924644,-3.759,0.113,-1.428,178.317
1682590924692,-3.955,0.119,-1.377,178.311
1682590924740,-4.153,0.125,-1.327,178.304
1682590924788,-4.34,0.13,-1.28,178.298
1682590924835,-4.542,0.136,-1.23,178.292
1682590924882,-4.746,0.142,-1.181,178.287
1682590924930,-4.952,0.149,-1.132,178.283
1682590924978,-5.159,0.155,-1.084,178.28
1682590925026,-5.367,0.161,-1.035,178.278
1682590925074,-5.564,0.167,-0.99,178.277
1682590925122,-5.776,0.173,-0.943,178.277
1682590925170,-6.002,0.18,-0.892,178.277
1682590925217,-6.215,0.186,-0.845,178.278
1682590925265,-6.417,0.192,-0.801,178.279
1682590925313,-6.619,0.198,-0.757,178.281
1682590925361,-6.849,0.205,-0.708,178.282
1682590925409,-7.067,0.212,-0.661,178.284
1682590925457,-7.285,0.218,-0.615,178.286
1682590925505,-7.477,0.224,-0.574,178.287
1682590925552,-7.71,0.231,-0.525,178.284
1682590925600,-7.944,0.238,-0.478,178.221
1682590925646,-8.166,0.245,-0.437,178.03
1682590925692,-8.374,0.252,-0.408,177.699
1682590925740,-8.583,0.259,-0.39,177.197
1682590925786,-8.793,0.268,-0.382,176.509
1682590925833,-9.032,0.279,-0.382,175.466
1682590925880,-9.257,0.29,-0.386,174.211
1682590925928,-9.468,0.303,-0.392,172.805
1682590925975,-9.693,0.318,-0.399,171.088
1682590926023,-9.933,0.337,-0.407,169.069
1682590926071,-10.144,0.356,-0.416,167.172
1682590926119,-10.355,0.377,-0.425,165.219
1682590926167,-10.58,0.403,-0.436,163.131
1682590926215,-10.833,0.435,-0.448,160.848
1682590926263,-11.044,0.465,-0.459,159.048
1682590926311,-11.268,0.5,-0.471,157.272
1682590926358,-11.491,0.538,-0.479,155.681
1682590926406,-11.714,0.577,-0.476,154.285
1682590926454,-11.923,0.616,-0.466,153.163
1682590926502,-12.159,0.663,-0.452,152.103
1682590926550,-12.366,0.71,-0.448,151.33
1682590926598,-12.6,0.767,-0.453,150.647
1682590926645,-12.806,0.821,-0.461,150.2
1682590926692,-13.025,0.882,-0.469,149.867
1682590926739,-13.243,0.945,-0.469,149.665
1682590926787,-13.447,1.006,-0.461,149.568
1682590926834,-13.664,1.072,-0.448,149.54
1682590926881,-13.88,1.143,-0.443,149.561
1682590926929,-14.095,1.218,-0.445,149.621
1682590926977,-14.309,1.295,-0.45,149.699
1682590927025,-14.509,1.37,-0.455,149.778
1682590927073,-14.736,1.457,-0.457,149.868
1682590927120,-14.935,1.534,-0.45,149.936
1682590927168,-15.133,1.614,-0.443,149.986
1682590927216,-15.358,1.707,-0.443,150.023
1682590927263,-15.581,1.803,-0.445,150.037
1682590927311,-15.778,1.889,-0.448,150.032
1682590927358,-15.987,1.983,-0.451,150.012
1682590927404,-16.183,2.072,-0.45,149.986
1682590927451,-16.391,2.167,-0.441,149.952
1682590927499,-16.599,2.265,-0.437,149.915
1682590927547,-16.806,2.364,-0.436,149.873
1682590927594,-17.013,2.464,-0.437,149.789
1682590927642,-17.219,2.565,-0.438,149.624
1682590927690,-17.425,2.668,-0.44,149.349
1682590927738,-17.631,2.772,-0.442,148.946
1682590927786,-17.81,2.865,-0.444,148.483
1682590927834,-18.027,2.978,-0.447,147.781
1682590927882,-18.231,3.086,-0.449,146.989
1682590927930,-18.433,3.196,-0.449,146.086
1682590927978,-18.635,3.307,-0.441,145.087
1682590928025,-18.836,3.42,-0.437,144.013
1682590928073,-19.036,3.535,-0.439,142.889
1682590928121,-19.247,3.659,-0.442,141.665
1682590928169,-19.432,3.771,-0.446,140.577
1682590928217,-19.629,3.892,-0.451,139.425
1682590928265,-19.824,4.015,-0.453,138.299
1682590928312,-20.018,4.138,-0.444,137.208
1682590928360,-20.21,4.264,-0.436,136.157
1682590928408,-20.401,4.393,-0.437,135.155
1682590928456,-20.59,4.525,-0.441,134.207
1682590928504,-20.777,4.659,-0.446,133.31
1682590928552,-20.963,4.795,-0.451,132.465
1682590928600,-21.147,4.932,-0.45,131.671
1682590928648,-21.319,5.062,-0.44,130.964
1682590928695,-21.511,5.212,-0.436,130.2
1682590928743,-21.679,5.347,-0.438,129.56
1682590928791,-21.867,5.503,-0.443,128.87
1682590928839,-22.03,5.643,-0.448,128.292
1682590928886,-22.193,5.784,-0.452,127.744
1682590928933,-22.365,5.936,-0.447,127.195
1682590928981,-22.546,6.099,-0.438,126.644
1682590929029,-22.714,6.256,-0.437,126.16
1682590929077,-22.869,6.404,-0.439,125.739
1682590929125,-23.033,6.565,-0.443,125.326
1682590929172,-23.205,6.738,-0.448,124.93
1682590929220,-23.365,6.902,-0.452,124.599
1682590929267,-23.515,7.057,-0.45,124.329
1682590929314,-23.663,7.213,-0.439,124.093
1682590929362,-23.829,7.392,-0.432,123.863
1682590929408,-23.973,7.551,-0.432,123.692
1682590929456,-24.126,7.723,-0.433,123.542
1682590929504,-24.268,7.885,-0.435,123.428
1682590929552,-24.427,8.071,-0.437,123.328
1682590929600,-24.566,8.235,-0.438,123.264
1682590929647,-24.722,8.423,-0.44,123.217
1682590929693,-24.859,8.59,-0.442,123.194
1682590929741,-25.004,8.769,-0.443,123.188
1682590929789,-25.148,8.949,-0.444,123.198
1682590929837,-25.282,9.119,-0.445,123.22
1682590929885,-25.433,9.312,-0.446,123.259
1682590929933,-25.565,9.483,-0.446,123.302
1682590929981,-25.705,9.666,-0.447,123.357
1682590930027,-25.853,9.862,-0.447,123.424
1682590930074,-25.983,10.035,-0.447,123.49
1682590930122,-26.121,10.22,-0.447,123.567
1682590930170,-26.259,10.406,-0.448,123.65
1682590930218,-26.396,10.592,-0.448,123.739
1682590930266,-26.532,10.779,-0.448,123.833
1682590930314,-26.668,10.966,-0.447,123.934
1682590930362,-26.804,11.153,-0.447,124.041
1682590930409,-26.922,11.318,-0.447,124.14
1682590930457,-27.074,11.529,-0.447,124.275
1682590930505,-27.191,11.694,-0.447,124.385
1682590930553,-27.326,11.883,-0.447,124.518
1682590930600,-27.468,12.083,-0.446,124.667
1682590930647,-27.602,12.272,-0.446,124.813
1682590930695,-27.736,12.461,-0.446,124.967
1682590930743,-27.87,12.65,-0.446,125.126
1682590930791,-28.004,12.839,-0.445,125.293
1682590930839,-28.13,13.017,-0.445,125.46
1682590930887,-28.272,13.218,-0.445,125.677
1682590930935,-28.406,13.407,-0.445,125.917
1682590930982,-28.532,13.584,-0.445,126.18
1682590931028,-28.667,13.773,-0.445,126.505
1682590931074,-28.801,13.962,-0.445,126.877
1682590931120,-28.928,14.139,-0.445,127.266
1682590931166,-29.055,14.315,-0.445,127.692
1682590931212,-29.183,14.491,-0.445,128.15
1682590931258,-29.311,14.667,-0.445,128.635
1682590931304,-29.448,14.854,-0.446,129.177
1682590931352,-29.586,15.04,-0.446,129.735
1682590931400,-29.724,15.226,-0.447,130.303
1682590931448,-29.864,15.412,-0.448,130.873
1682590931495,-29.995,15.585,-0.449,131.404
1682590931543,-30.145,15.78,-0.45,131.994
1682590931591,-30.287,15.964,-0.451,132.535
1682590931639,-30.42,16.135,-0.452,133.023
1682590931687,-30.573,16.328,-0.453,133.553
1682590931735,-30.709,16.498,-0.454,133.997
1682590931783,-30.854,16.678,-0.456,134.444
1682590931831,-31.001,16.857,-0.457,134.865
1682590931878,-31.149,17.036,-0.458,135.258
1682590931926,-31.288,17.202,-0.46,135.602
1682590931974,-31.447,17.39,-0.461,135.964
1682590932022,-31.597,17.566,-0.457,136.278
1682590932070,-31.749,17.741,-0.452,136.571
1682590932117,-31.892,17.904,-0.451,136.825
1682590932165,-32.055,18.088,-0.452,137.092
1682590932213,-32.2,18.25,-0.452,137.309
1682590932260,-32.365,18.432,-0.453,137.537
1682590932308,-32.522,18.602,-0.454,137.733
1682590932356,-32.66,18.751,-0.455,137.891
1682590932404,-32.828,18.93,-0.456,138.066
1682590932452,-32.987,19.098,-0.457,138.215
1682590932499,-33.147,19.266,-0.458,138.349
1682590932546,-33.298,19.422,-0.458,138.461
1682590932593,-33.47,19.598,-0.459,138.573
1682590932641,-33.622,19.753,-0.46,138.658
1682590932688,-33.795,19.927,-0.46,138.74
1682590932736,-33.949,20.08,-0.461,138.8
1682590932784,-34.113,20.243,-0.461,138.852
1682590932832,-34.279,20.406,-0.462,138.892
1682590932880,-34.434,20.558,-0.462,138.919
1682590932928,-34.611,20.729,-0.462,138.937
1682590932976,-34.778,20.89,-0.462,138.943
1682590933024,-34.945,21.05,-0.463,138.94
1682590933071,-35.113,21.21,-0.463,138.927
1682590933119,-35.281,21.369,-0.463,138.905
1682590933167,-35.45,21.528,-0.463,138.875
1682590933215,-35.598,21.666,-0.463,138.842
1682590933263,-35.788,21.844,-0.463,138.792
1682590933311,-35.947,21.992,-0.463,138.743
1682590933359,-36.117,22.15,-0.463,138.685
1682590933406,-36.298,22.317,-0.463,138.617
1682590933452,-36.458,22.464,-0.463,138.552
1682590933499,-36.618,22.611,-0.463,138.483
1682590933546,-36.789,22.768,-0.463,138.404
1682590933594,-36.961,22.924,-0.463,138.321
1682590933640,-37.121,23.071,-0.462,138.239
1682590933688,-37.282,23.217,-0.462,138.154
1682590933736,-37.464,23.383,-0.462,138.054
1682590933783,-37.636,23.54,-0.462,137.957
1682590933831,-37.807,23.696,-0.462,137.858
1682590933879,-37.979,23.852,-0.462,137.763
1682590933927,-38.151,24.008,-0.462,137.682
1682590933975,-38.322,24.164,-0.462,137.621
1682590934023,-38.494,24.32,-0.462,137.586
1682590934071,-38.655,24.466,-0.461,137.578
1682590934119,-38.838,24.631,-0.461,137.6
1682590934166,-39.01,24.787,-0.461,137.65
1682590934214,-39.181,24.943,-0.461,137.725
1682590934262,-39.353,25.099,-0.461,137.823
1682590934310,-39.525,25.255,-0.461,137.94
1682590934358,-39.698,25.41,-0.461,138.071
1682590934405,-39.859,25.556,-0.461,138.203
1682590934452,-40.031,25.712,-0.461,138.349
1682590934500,-40.204,25.867,-0.461,138.497
1682590934547,-40.376,26.022,-0.461,138.644
1682590934595,-40.549,26.177,-0.461,138.785
1682590934643,-40.711,26.323,-0.461,138.912
1682590934691,-40.883,26.477,-0.461,139.038
1682590934738,-41.067,26.642,-0.461,139.162
1682590934786,-41.23,26.787,-0.46,139.262
1682590934834,-41.414,26.951,-0.46,139.363
1682590934882,-41.587,27.105,-0.46,139.449
1682590934930,-41.75,27.249,-0.46,139.521
1682590934978,-41.935,27.413,-0.46,139.593
1682590935026,-42.098,27.557,-0.46,139.65
1682590935074,-42.272,27.71,-0.46,139.704
1682590935121,-42.446,27.863,-0.46,139.753
1682590935169,-42.609,28.007,-0.46,139.796
1682590935217,-42.795,28.169,-0.46,139.84
1682590935263,-42.959,28.312,-0.46,139.877
1682590935310,-43.134,28.465,-0.46,139.914
1682590935358,-43.298,28.608,-0.46,139.948
1682590935404,-43.462,28.75,-0.46,139.981
1682590935450,-43.648,28.912,-0.46,140.016
1682590935498,-43.813,29.054,-0.46,140.047
1682590935546,-43.988,29.206,-0.46,140.078
1682590935592,-44.164,29.357,-0.46,140.109
1682590935638,-44.318,29.49,-0.46,140.134
1682590935685,-44.505,29.65,-0.46,140.163
1682590935733,-44.67,29.792,-0.46,140.186
1682590935781,-44.858,29.952,-0.46,140.21
1682590935827,-45.012,30.084,-0.46,140.228
1682590935875,-45.188,30.235,-0.46,140.246
1682590935924,-45.376,30.395,-0.46,140.262
1682590935970,-45.553,30.545,-0.46,140.274
1682590936017,-45.719,30.686,-0.46,140.282
1682590936064,-45.896,30.836,-0.46,140.289
1682590936112,-46.062,30.977,-0.46,140.292
1682590936160,-46.239,31.126,-0.46,140.292
1682590936208,-46.427,31.286,-0.46,140.29
1682590936254,-46.593,31.426,-0.46,140.286
1682590936301,-46.771,31.576,-0.46,140.279
1682590936349,-46.948,31.725,-0.46,140.27
1682590936397,-47.115,31.865,-0.46,140.259
1682590936445,-47.303,32.024,-0.46,140.246
1682590936493,-47.481,32.173,-0.46,140.232
1682590936540,-47.636,32.304,-0.46,140.218
1682590936587,-47.825,32.463,-0.46,140.2
1682590936633,-48.003,32.612,-0.46,140.183
1682590936681,-48.17,32.752,-0.46,140.166
1682590936729,-48.359,32.91,-0.46,140.145
1682590936777,-48.525,33.05,-0.459,140.127
1682590936825,-48.714,33.208,-0.459,140.106
1682590936873,-48.881,33.348,-0.459,140.086
1682590936921,-49.048,33.488,-0.459,140.067
1682590936968,-49.237,33.646,-0.459,140.045
1682590937016,-49.403,33.786,-0.459,140.025
1682590937064,-49.592,33.944,-0.459,140.002
1682590937112,-49.77,34.093,-0.459,139.98
1682590937160,-49.937,34.233,-0.459,139.961
1682590937207,-50.126,34.391,-0.459,139.946
1682590937254,-50.293,34.531,-0.459,139.944
1682590937302,-50.482,34.689,-0.459,139.963
1682590937349,-50.648,34.829,-0.459,139.999
1682590937397,-50.826,34.978,-0.459,140.061
1682590937445,-51.004,35.127,-0.459,140.147
1682590937493,-51.193,35.285,-0.459,140.263
1682590937541,-51.36,35.425,-0.459,140.384
1682590937589,-51.539,35.573,-0.459,140.53
1682590937637,-51.717,35.722,-0.459,140.69
1682590937684,-51.895,35.87,-0.459,140.86
1682590937732,-52.063,36.009,-0.459,141.026
1682590937780,-52.241,36.158,-0.459,141.204
1682590937828,-52.431,36.315,-0.459,141.394
1682590937875,-52.61,36.462,-0.459,141.568
1682590937922,-52.767,36.591,-0.459,141.716
1682590937970,-52.958,36.748,-0.459,141.888
1682590938018,-53.137,36.895,-0.459,142.039
1682590938065,-53.317,37.042,-0.459,142.181
1682590938113,-53.486,37.179,-0.459,142.304
1682590938161,-53.677,37.334,-0.459,142.432
1682590938209,-53.857,37.48,-0.459,142.542
1682590938257,-54.038,37.626,-0.459,142.643
1682590938305,-54.219,37.772,-0.459,142.735
1682590938353,-54.4,37.917,-0.459,142.818
1682590938400,-54.57,38.053,-0.459,142.89
1682590938447,-54.751,38.197,-0.459,142.961
1682590938495,-54.933,38.342,-0.459,143.026
1682590938542,-55.115,38.486,-0.46,143.087
1682590938589,-55.285,38.621,-0.46,143.14
1682590938637,-55.468,38.764,-0.46,143.193
1682590938685,-55.662,38.916,-0.46,143.247
1682590938732,-55.833,39.05,-0.46,143.291
1682590938780,-56.016,39.193,-0.46,143.335
1682590938828,-56.199,39.336,-0.46,143.377
1682590938875,-56.371,39.469,-0.46,143.413
1682590938923,-56.566,39.62,-0.46,143.451
1682590938971,-56.738,39.753,-0.46,143.482
1682590939018,-56.933,39.903,-0.46,143.513
1682590939066,-57.117,40.044,-0.46,143.539
1682590939114,-57.29,40.177,-0.46,143.561
1682590939162,-57.486,40.327,-0.46,143.581
1682590939210,-57.67,40.467,-0.46,143.596
1682590939256,-57.832,40.59,-0.46,143.606
1682590939304,-58.017,40.731,-0.46,143.614
1682590939349,-58.202,40.871,-0.46,143.619
1682590939395,-58.375,41.002,-0.46,143.619
1682590939442,-58.56,41.142,-0.46,143.617
1682590939489,-58.734,41.273,-0.46,143.612
1682590939537,-58.919,41.413,-0.46,143.603
1682590939585,-59.104,41.552,-0.46,143.591
1682590939633,-59.278,41.683,-0.46,143.578
1682590939681,-59.475,41.831,-0.46,143.56
1682590939729,-59.661,41.97,-0.46,143.541
1682590939775,-59.847,42.11,-0.46,143.52
1682590939823,-60.021,42.24,-0.46,143.499
1682590939871,-60.218,42.388,-0.46,143.473
1682590939919,-60.404,42.527,-0.46,143.447
1682590939967,-60.59,42.666,-0.46,143.42
1682590940015,-60.776,42.805,-0.46,143.393
1682590940063,-60.962,42.943,-0.46,143.364
1682590940110,-61.136,43.074,-0.459,143.334
1682590940158,-61.322,43.212,-0.459,143.28
1682590940206,-61.508,43.351,-0.459,143.175
1682590940254,-61.694,43.49,-0.459,142.999
1682590940300,-61.88,43.629,-0.459,142.737
1682590940347,-62.065,43.769,-0.459,142.383
1682590940393,-62.239,43.9,-0.46,141.967
1682590940441,-62.412,44.031,-0.46,141.473
1682590940489,-62.597,44.172,-0.46,140.867
1682590940535,-62.781,44.313,-0.461,140.192
1682590940582,-62.965,44.455,-0.462,139.46
1682590940630,-63.136,44.588,-0.462,138.737
1682590940678,-63.307,44.723,-0.463,137.991
1682590940725,-63.489,44.867,-0.465,137.184
1682590940772,-63.67,45.012,-0.466,136.377
1682590940819,-63.85,45.158,-0.468,135.585
1682590940867,-64.029,45.305,-0.469,134.817
1682590940915,-64.218,45.463,-0.471,134.038
1682590940963,-64.384,45.603,-0.473,133.387
1682590941010,-64.56,45.753,-0.475,132.735
1682590941055,-64.735,45.905,-0.477,132.13
1682590941102,-64.888,46.038,-0.472,131.641
1682590941149,-65.072,46.201,-0.463,131.091
1682590941197,-65.233,46.346,-0.461,130.648
1682590941245,-65.414,46.512,-0.461,130.19
1682590941293,-65.573,46.66,-0.462,129.821
1682590941340,-65.751,46.829,-0.464,129.439
1682590941388,-65.918,46.989,-0.466,129.112
1682590941436,-66.084,47.15,-0.468,128.813
1682590941484,-66.239,47.302,-0.47,128.556
1682590941532,-66.402,47.466,-0.472,128.305
1682590941580,-66.564,47.63,-0.474,128.076
1682590941628,-66.726,47.796,-0.476,127.867
1682590941675,-66.886,47.963,-0.476,127.677
1682590941722,-67.045,48.13,-0.467,127.505
1682590941770,-67.203,48.298,-0.46,127.347
1682590941817,-67.361,48.468,-0.458,127.204
1682590941865,-67.507,48.628,-0.457,127.082
1682590941913,-67.652,48.789,-0.458,126.972
1682590941959,-67.806,48.961,-0.458,126.867
1682590942007,-67.969,49.145,-0.459,126.771
1682590942055,-68.112,49.309,-0.459,126.699
1682590942103,-68.263,49.483,-0.46,126.636
1682590942150,-68.414,49.659,-0.46,126.587
1682590942198,-68.573,49.846,-0.461,126.551
1682590942246,-68.723,50.023,-0.461,126.531
1682590942294,-68.862,50.19,-0.461,126.525
1682590942342,-69.01,50.368,-0.461,126.531
1682590942390,-69.157,50.546,-0.461,126.549
1682590942438,-69.304,50.725,-0.462,126.579
1682590942486,-69.45,50.905,-0.462,126.62
1682590942533,-69.587,51.074,-0.462,126.668
1682590942579,-69.732,51.254,-0.461,126.727
1682590942627,-69.877,51.435,-0.461,126.795
1682590942675,-70.022,51.616,-0.461,126.871
1682590942721,-70.166,51.797,-0.461,126.954
1682590942769,-70.31,51.979,-0.461,127.043
1682590942817,-70.454,52.161,-0.461,127.138
1682590942865,-70.589,52.331,-0.461,127.232
1682590942912,-70.732,52.513,-0.46,127.337
1682590942960,-70.866,52.684,-0.46,127.439
1682590943008,-71.018,52.878,-0.46,127.557
1682590943056,-71.161,53.061,-0.46,127.651
1682590943104,-71.304,53.244,-0.46,127.706
1682590943151,-71.447,53.427,-0.46,127.704
1682590943199,-71.589,53.61,-0.459,127.632
1682590943247,-71.723,53.781,-0.459,127.496
1682590943294,-71.865,53.965,-0.459,127.277
1682590943341,-72.007,54.148,-0.459,126.984
1682590943388,-72.148,54.332,-0.459,126.623
1682590943435,-72.281,54.505,-0.459,126.231
1682590943482,-72.421,54.689,-0.459,125.767
1682590943528,-72.553,54.862,-0.46,125.297
1682590943576,-72.701,55.059,-0.46,124.739
1682590943623,-72.832,55.233,-0.46,124.234
1682590943671,-72.97,55.419,-0.461,123.693
1682590943719,-73.116,55.618,-0.461,123.127
1682590943767,-73.245,55.793,-0.462,122.641
1682590943815,-73.381,55.981,-0.463,122.145
1682590943863,-73.517,56.169,-0.463,121.676
1682590943911,-73.652,56.357,-0.464,121.237
1682590943957,-73.777,56.535,-0.465,120.855
1682590944004,-73.91,56.725,-0.466,120.479
1682590944052,-74.034,56.903,-0.466,120.156
1682590944100,-74.174,57.106,-0.467,119.823
1682590944148,-74.304,57.298,-0.468,119.539
1682590944196,-74.434,57.49,-0.469,119.281
1682590944243,-74.555,57.67,-0.47,119.061
1682590944291,-74.69,57.876,-0.471,118.834
1682590944339,-74.809,58.058,-0.472,118.651
1682590944387,-74.943,58.264,-0.473,118.461
1682590944434,-75.068,58.459,-0.474,118.297
1682590944482,-75.185,58.643,-0.475,118.154
1682590944529,-75.308,58.839,-0.475,118.012
1682590944576,-75.431,59.035,-0.471,117.881
1682590944624,-75.552,59.232,-0.465,117.757
1682590944672,-75.673,59.43,-0.463,117.643
1682590944719,-75.786,59.616,-0.463,117.542
1682590944767,-75.913,59.827,-0.463,117.437
1682590944814,-76.024,60.013,-0.463,117.351
1682590944861,-76.134,60.2,-0.463,117.274
1682590944909,-76.259,60.413,-0.463,117.196
1682590944956,-76.375,60.613,-0.463,117.132
1682590945004,-76.484,60.801,-0.464,117.081
1682590945050,-76.599,61.002,-0.464,117.038
1682590945098,-76.706,61.191,-0.464,117.006
1682590945146,-76.827,61.406,-0.464,116.982
1682590945194,-76.941,61.608,-0.464,116.97
1682590945241,-77.047,61.798,-0.464,116.968
1682590945289,-77.159,62.0,-0.464,116.975
1682590945337,-77.272,62.203,-0.464,116.991
1682590945385,-77.39,62.419,-0.464,117.018
1682590945433,-77.495,62.61,-0.464,117.05
1682590945479,-77.606,62.813,-0.463,117.09
1682590945526,-77.709,63.004,-0.463,117.135
1682590945574,-77.827,63.221,-0.463,117.191
1682590945622,-77.93,63.412,-0.463,117.247
1682590945670,-78.04,63.617,-0.463,117.31
1682590945718,-78.149,63.821,-0.463,117.378
1682590945765,-78.259,64.026,-0.463,117.45
1682590945812,-78.361,64.217,-0.463,117.52
1682590945859,-78.471,64.422,-0.462,117.598
1682590945906,-78.58,64.627,-0.462,117.679
1682590945954,-78.689,64.832,-0.462,117.761
1682590946002,-78.798,65.036,-0.462,117.846
1682590946049,-78.9,65.228,-0.462,117.926
1682590946096,-79.015,65.446,-0.462,118.019
1682590946143,-79.117,65.638,-0.462,118.101
1682590946190,-79.226,65.843,-0.461,118.191
1682590946237,-79.328,66.035,-0.461,118.274
1682590946285,-79.437,66.24,-0.461,118.365
1682590946332,-79.547,66.445,-0.461,118.479
1682590946380,-79.656,66.649,-0.461,118.67
1682590946427,-79.765,66.854,-0.461,118.98
1682590946475,-79.875,67.058,-0.461,119.439
1682590946523,-79.985,67.262,-0.462,120.066
1682590946571,-80.09,67.453,-0.462,120.812
1682590946619,-80.209,67.669,-0.464,121.837
1682590946666,-80.322,67.871,-0.465,122.964
1682590946714,-80.436,68.073,-0.467,124.229
1682590946762,-80.545,68.261,-0.465,125.517
1682590946810,-80.661,68.461,-0.456,126.975
1682590946858,-80.78,68.66,-0.454,128.488
1682590946906,-80.909,68.869,-0.456,130.123
1682590946954,-81.024,69.052,-0.46,131.566
1682590947000,-81.142,69.234,-0.465,132.988
1682590947048,-81.268,69.427,-0.462,134.462
1682590947096,-81.396,69.619,-0.449,135.878
1682590947144,-81.527,69.809,-0.44,137.23
1682590947191,-81.669,70.008,-0.441,138.577
1682590947239,-81.772,70.146,-0.445,139.469
1682590947287,-81.858,70.261,-0.45,140.174
1682590947335,-82.052,70.511,-0.459,141.601
1682590947383,-82.222,70.724,-0.454,142.695
1682590947431,-82.375,70.913,-0.442,143.578
1682590947479,-82.515,71.077,-0.44,144.289
1682590947527,-82.666,71.249,-0.444,144.975
1682590947574,-82.81,71.408,-0.45,145.555
1682590947622,-82.966,71.576,-0.453,146.105
1682590947668,-83.123,71.743,-0.444,146.595
1682590947716,-83.282,71.907,-0.434,147.032
1682590947764,-83.433,72.059,-0.433,147.396
1682590947812,-83.608,72.228,-0.437,147.759
1682590947860,-83.775,72.385,-0.442,148.055
1682590947908,-83.943,72.54,-0.443,148.307
1682590947955,-84.112,72.694,-0.435,148.521
1682590948003,-84.272,72.837,-0.423,148.692
1682590948051,-84.445,72.987,-0.419,148.849
1682590948099,-84.631,73.144,-0.42,148.987
1682590948147,-84.797,73.281,-0.422,149.088
1682590948195,-84.987,73.434,-0.425,149.217
1682590948243,-85.167,73.577,-0.428,149.453
1682590948290,-85.337,73.709,-0.432,149.853
1682590948338,-85.531,73.856,-0.438,150.578
1682590948386,-85.704,73.984,-0.443,151.489
1682590948434,-85.901,74.128,-0.441,152.839
1682590948482,-86.088,74.261,-0.433,154.41
1682590948529,-86.265,74.382,-0.433,156.108
1682590948577,-86.457,74.507,-0.441,158.143
1682590948625,-86.651,74.628,-0.452,160.365
1682590948671,-86.834,74.74,-0.454,162.575
1682590948718,-87.03,74.856,-0.451,165.023
1682590948766,-87.228,74.968,-0.445,167.517
1682590948814,-87.428,75.076,-0.441,170.012
1682590948862,-87.631,75.176,-0.448,172.476
1682590948910,-87.836,75.271,-0.461,174.849
1682590948957,-88.043,75.363,-0.465,177.114
1682590949005,-88.238,75.445,-0.465,179.128
1682590949053,-88.447,75.528,-0.464,-178.852
1682590949101,-88.658,75.606,-0.462,-176.965
1682590949149,-88.883,75.682,-0.46,-175.106
1682590949197,-89.097,75.749,-0.458,-173.484
1682590949245,-89.299,75.806,-0.457,-172.065
1682590949293,-89.529,75.864,-0.456,-170.564
1682590949340,-89.746,75.913,-0.456,-169.242
1682590949388,-89.965,75.956,-0.455,-168.0
1682590949436,-90.171,75.99,-0.462,-166.881
1682590949484,-90.391,76.02,-0.467,-165.79
1682590949532,-90.598,76.045,-0.469,-164.829
1682590949580,-90.833,76.068,-0.469,-163.821
1682590949628,-91.054,76.084,-0.468,-162.955
1682590949675,-91.276,76.094,-0.466,-162.17
1682590949723,-91.498,76.1,-0.464,-161.47
1682590949771,-91.72,76.099,-0.468,-160.84
1682590949818,-91.929,76.094,-0.476,-160.344
1682590949865,-92.151,76.085,-0.476,-159.899
1682590949913,-92.374,76.072,-0.472,-159.537
1682590949961,-92.596,76.056,-0.466,-159.249
1682590950009,-92.818,76.034,-0.468,-159.021
1682590950056,-93.04,76.007,-0.475,-158.859
1682590950104,-93.249,75.978,-0.482,-158.76
1682590950152,-93.485,75.944,-0.48,-158.7
1682590950200,-93.692,75.912,-0.473,-158.682
1682590950247,-93.928,75.871,-0.467,-158.684
1682590950295,-94.149,75.829,-0.47,-158.708
1682590950343,-94.371,75.784,-0.474,-158.745
1682590950391,-94.578,75.739,-0.479,-158.788
1682590950438,-94.799,75.689,-0.483,-158.839
1682590950486,-95.02,75.637,-0.485,-158.894
1682590950534,-95.24,75.583,-0.479,-158.949
1682590950581,-95.46,75.528,-0.476,-159.0
1682590950629,-95.681,75.47,-0.476,-159.045
1682590950677,-95.901,75.41,-0.478,-159.067
1682590950723,-96.107,75.353,-0.48,-159.056
1682590950770,-96.327,75.29,-0.482,-159.0
1682590950818,-96.546,75.225,-0.484,-158.894
1682590950866,-96.752,75.164,-0.484,-158.749
1682590950914,-96.985,75.093,-0.474,-158.533
1682590950961,-97.19,75.03,-0.47,-158.3
1682590951009,-97.409,74.96,-0.469,-158.016
1682590951057,-97.627,74.889,-0.47,-157.704
1682590951104,-97.845,74.816,-0.471,-157.371
1682590951152,-98.063,74.743,-0.472,-157.028
1682590951200,-98.281,74.668,-0.473,-156.683
1682590951248,-98.499,74.592,-0.475,-156.342
1682590951296,-98.716,74.515,-0.476,-156.013
1682590951344,-98.933,74.436,-0.477,-155.701
1682590951392,-99.149,74.357,-0.479,-155.41
1682590951439,-99.365,74.276,-0.48,-155.142
1682590951487,-99.581,74.195,-0.479,-154.898
1682590951535,-99.797,74.112,-0.473,-154.679
1682590951583,-99.999,74.034,-0.47,-154.494
1682590951631,-100.228,73.944,-0.469,-154.307
1682590951679,-100.442,73.859,-0.469,-154.151
1682590951727,-100.657,73.772,-0.47,-154.012
1682590951775,-100.871,73.685,-0.47,-153.887
1682590951822,-101.071,73.602,-0.471,-153.781
1682590951870,-101.285,73.513,-0.471,-153.679
1682590951918,-101.511,73.417,-0.472,-153.579
1682590951966,-101.724,73.326,-0.472,-153.494
1682590952013,-101.924,73.24,-0.473,-153.421
1682590952061,-102.136,73.148,-0.473,-153.352
1682590952109,-102.348,73.054,-0.473,-153.293
1682590952157,-102.56,72.961,-0.474,-153.244
1682590952205,-102.771,72.866,-0.474,-153.207
1682590952253,-102.982,72.771,-0.474,-153.181
1682590952300,-103.193,72.675,-0.474,-153.166
1682590952348,-103.391,72.585,-0.47,-153.163
1682590952396,-103.615,72.483,-0.463,-153.169
1682590952444,-103.825,72.386,-0.461,-153.186
1682590952491,-104.022,72.294,-0.46,-153.209
1682590952539,-104.232,72.196,-0.459,-153.241
1682590952587,-104.442,72.097,-0.459,-153.281
1682590952635,-104.651,71.999,-0.458,-153.328
1682590952683,-104.861,71.899,-0.458,-153.381
1682590952730,-105.07,71.8,-0.458,-153.441
1682590952778,-105.28,71.7,-0.457,-153.506
1682590952826,-105.489,71.6,-0.457,-153.575
1682590952874,-105.698,71.5,-0.457,-153.649
1682590952922,-105.907,71.4,-0.457,-153.727
1682590952970,-106.116,71.299,-0.456,-153.809
1682590953018,-106.312,71.205,-0.456,-153.888
1682590953066,-106.534,71.098,-0.456,-153.981
1682590953113,-106.743,70.997,-0.455,-154.07
1682590953161,-106.952,70.896,-0.455,-154.162
1682590953209,-107.161,70.795,-0.455,-154.254
1682590953257,-107.356,70.7,-0.455,-154.343
1682590953305,-107.565,70.6,-0.455,-154.438
1682590953353,-107.787,70.492,-0.454,-154.539
1682590953401,-107.996,70.392,-0.454,-154.635
1682590953449,-108.192,70.297,-0.454,-154.725
1682590953496,-108.401,70.197,-0.454,-154.821
1682590953544,-108.624,70.09,-0.454,-154.922
1682590953592,-108.82,69.996,-0.453,-155.01
1682590953640,-109.029,69.896,-0.453,-155.103
1682590953688,-109.225,69.802,-0.453,-155.189
1682590953736,-109.434,69.702,-0.453,-155.28
1682590953783,-109.657,69.596,-0.453,-155.374
1682590953831,-109.867,69.496,-0.453,-155.46
1682590953879,-110.076,69.397,-0.453,-155.545
1682590953927,-110.273,69.304,-0.453,-155.62
1682590953974,-110.483,69.205,-0.453,-155.653
1682590954022,-110.706,69.1,-0.452,-155.54
1682590954070,-110.916,69.001,-0.452,-155.219
1682590954118,-111.125,68.901,-0.452,-154.636
1682590954166,-111.308,68.814,-0.453,-153.888
1682590954213,-111.53,68.707,-0.454,-152.669
1682590954261,-111.739,68.605,-0.456,-151.216
1682590954309,-111.959,68.495,-0.459,-149.37
1682590954357,-112.153,68.397,-0.463,-147.512
1682590954405,-112.358,68.29,-0.467,-145.332
1682590954452,-112.562,68.182,-0.462,-142.993
1682590954500,-112.764,68.071,-0.452,-140.543
1682590954548,-112.952,67.964,-0.454,-138.192
1682590954596,-113.162,67.839,-0.463,-135.514
1682590954643,-113.344,67.725,-0.474,-133.174
1682590954691,-113.537,67.601,-0.48,-130.742
1682590954739,-113.716,67.483,-0.476,-128.539
1682590954787,-113.917,67.347,-0.469,-126.16
1682590954835,-114.103,67.214,-0.462,-124.055
1682590954883,-114.284,67.077,-0.463,-122.077
1682590954931,-114.46,66.934,-0.475,-120.264
1682590954979,-114.644,66.779,-0.484,-118.544
1682590955026,-114.815,66.631,-0.484,-117.098
1682590955074,-114.973,66.49,-0.48,-115.89
1682590955122,-115.137,66.335,-0.474,-114.747
1682590955170,-115.298,66.178,-0.469,-113.745
1682590955218,-115.455,66.017,-0.464,-112.867
1682590955266,-115.598,65.861,-0.468,-112.135
1682590955312,-115.745,65.692,-0.478,-111.475
1682590955360,-115.89,65.52,-0.48,-110.925
1682590955406,-116.024,65.357,-0.477,-110.495
1682590955453,-116.163,65.181,-0.471,-110.116
1682590955501,-116.299,65.002,-0.464,-109.809
1682590955549,-116.431,64.82,-0.463,-109.554
1682590955596,-116.559,64.635,-0.471,-109.355
1682590955643,-116.675,64.459,-0.479,-109.214
1682590955691,-116.798,64.27,-0.479,-109.107
1682590955738,-116.919,64.079,-0.471,-109.029
1682590955786,-117.044,63.875,-0.461,-108.969
1682590955834,-117.152,63.693,-0.46,-108.928
1682590955882,-117.27,63.483,-0.464,-108.896
1682590955929,-117.373,63.297,-0.469,-108.876
1682590955977,-117.473,63.11,-0.474,-108.862
1682590956025,-117.585,62.896,-0.474,-108.856
1682590956073,-117.689,62.694,-0.465,-108.854
1682590956121,-117.791,62.491,-0.46,-108.853
1682590956169,-117.885,62.299,-0.46,-108.856
1682590956217,-117.99,62.08,-0.462,-108.863
1682590956264,-118.086,61.873,-0.464,-108.874
1682590956312,-118.175,61.678,-0.466,-108.89
1682590956360,-118.275,61.456,-0.469,-108.916
1682590956408,-118.362,61.26,-0.47,-108.947
1682590956456,-118.454,61.05,-0.472,-108.99
1682590956504,-118.544,60.839,-0.473,-109.044
1682590956552,-118.634,60.628,-0.469,-109.111
1682590956599,-118.723,60.416,-0.464,-109.188
1682590956647,-118.811,60.203,-0.462,-109.276
1682590956695,-118.893,60.004,-0.462,-109.368
1682590956743,-118.98,59.79,-0.462,-109.463
1682590956791,-119.071,59.563,-0.462,-109.518
1682590956839,-119.156,59.349,-0.463,-109.492
1682590956887,-119.241,59.134,-0.463,-109.364
1682590956935,-119.325,58.919,-0.464,-109.119
1682590956982,-119.408,58.703,-0.465,-108.749
1682590957030,-119.485,58.501,-0.466,-108.29
1682590957078,-119.572,58.271,-0.467,-107.645
1682590957126,-119.652,58.054,-0.468,-106.927
1682590957173,-119.726,57.85,-0.47,-106.17
1682590957221,-119.808,57.619,-0.472,-105.231
1682590957269,-119.88,57.414,-0.471,-104.349
1682590957317,-119.956,57.196,-0.462,-103.368
1682590957365,-120.029,56.977,-0.457,-102.362
1682590957412,-120.096,56.771,-0.456,-101.414
1682590957460,-120.175,56.523,-0.458,-100.283
1682590957508,-120.243,56.302,-0.461,-99.295
1682590957554,-120.3,56.108,-0.464,-98.45
1682590957602,-120.368,55.872,-0.467,-97.453
1682590957649,-120.426,55.663,-0.471,-96.601
1682590957697,-120.486,55.44,-0.472,-95.725
1682590957744,-120.541,55.231,-0.463,-94.931
1682590957792,-120.598,55.008,-0.453,-94.108
1682590957839,-120.648,54.797,-0.453,-93.361
1682590957887,-120.701,54.558,-0.456,-92.54
1682590957935,-120.749,54.333,-0.46,-91.792
1682590957983,-120.794,54.107,-0.464,-91.066
1682590958031,-120.837,53.881,-0.469,-90.363
1682590958079,-120.878,53.654,-0.471,-89.69
1682590958127,-120.915,53.441,-0.462,-89.081
1682590958175,-120.954,53.2,-0.454,-88.418
1682590958222,-120.985,52.987,-0.454,-87.861
1682590958270,-121.017,52.744,-0.457,-87.263
1682590958318,-121.046,52.502,-0.462,-86.705
1682590958366,-121.069,52.287,-0.466,-86.249
1682590958414,-121.092,52.059,-0.466,-85.806
1682590958462,-121.113,51.83,-0.456,-85.406
1682590958510,-121.13,51.629,-0.448,-85.088
1682590958558,-121.148,51.371,-0.447,-84.726
1682590958603,-121.161,51.156,-0.449,-84.464
1682590958651,-121.172,50.926,-0.451,-84.223
1682590958699,-121.181,50.711,-0.453,-84.032
1682590958747,-121.188,50.481,-0.456,-83.863
1682590958795,-121.193,50.251,-0.458,-83.729
1682590958843,-121.197,50.021,-0.46,-83.627
1682590958891,-121.199,49.776,-0.462,-83.55
1682590958939,-121.199,49.574,-0.463,-83.508
1682590958986,-121.198,49.33,-0.455,-83.481
1682590959034,-121.195,49.085,-0.446,-83.472
1682590959082,-121.191,48.869,-0.444,-83.478
1682590959130,-121.186,48.638,-0.443,-83.495
1682590959177,-121.178,48.393,-0.443,-83.523
1682590959225,-121.17,48.177,-0.444,-83.555
1682590959273,-121.161,47.946,-0.444,-83.595
1682590959321,-121.15,47.701,-0.444,-83.645
1682590959369,-121.139,47.485,-0.444,-83.695
1682590959417,-121.126,47.24,-0.444,-83.758
1682590959465,-121.113,47.023,-0.444,-83.82
1682590959512,-121.099,46.778,-0.444,-83.897
1682590959560,-121.086,46.576,-0.444,-83.967
1682590959608,-121.07,46.331,-0.444,-84.059
1682590959656,-121.054,46.1,-0.443,-84.154
1682590959704,-121.038,45.884,-0.443,-84.25
1682590959752,-121.021,45.638,-0.443,-84.367
1682590959800,-121.004,45.422,-0.443,-84.478
1682590959846,-120.987,45.191,-0.442,-84.604
1682590959893,-120.969,44.96,-0.442,-84.738
1682590959941,-120.952,44.743,-0.442,-84.871
1682590959989,-120.934,44.512,-0.441,-85.019
1682590960037,-120.916,44.281,-0.441,-85.175
1682590960085,-120.896,44.035,-0.441,-85.347
1682590960133,-120.879,43.819,-0.44,-85.504
1682590960181,-120.86,43.588,-0.44,-85.676
1682590960228,-120.841,43.342,-0.44,-85.865
1682590960276,-120.823,43.111,-0.44,-86.046
1682590960324,-120.806,42.894,-0.439,-86.218
1682590960372,-120.788,42.663,-0.439,-86.404
1682590960420,-120.769,42.417,-0.439,-86.604
1682590960467,-120.752,42.2,-0.439,-86.781
1682590960515,-120.736,41.983,-0.439,-86.958
1682590960563,-120.718,41.738,-0.439,-87.159
1682590960611,-120.701,41.506,-0.439,-87.342
1682590960659,-120.685,41.275,-0.438,-87.498
1682590960707,-120.669,41.043,-0.438,-87.605
1682590960754,-120.653,40.812,-0.438,-87.644
1682590960802,-120.638,40.58,-0.438,-87.605
1682590960850,-120.623,40.349,-0.438,-87.483
1682590960898,-120.608,40.132,-0.438,-87.292
1682590960946,-120.592,39.886,-0.438,-86.99
1682590960994,-120.578,39.669,-0.437,-86.656
1682590961042,-120.561,39.423,-0.437,-86.21
1682590961089,-120.546,39.191,-0.437,-85.737
1682590961137,-120.531,38.974,-0.437,-85.259
1682590961185,-120.513,38.728,-0.437,-84.689
1682590961233,-120.496,38.497,-0.437,-84.138
1682590961281,-120.481,38.295,-0.438,-83.654
1682590961329,-120.461,38.034,-0.438,-83.039
1682590961377,-120.442,37.803,-0.438,-82.509
1682590961425,-120.425,37.601,-0.439,-82.063
1682590961472,-120.405,37.37,-0.439,-81.578
1682590961520,-120.383,37.124,-0.44,-81.095
1682590961568,-120.361,36.893,-0.44,-80.673
1682590961616,-120.339,36.663,-0.441,-80.283
1682590961663,-120.316,36.446,-0.441,-79.947
1682590961711,-120.29,36.201,-0.442,-79.599
1682590961759,-120.267,35.985,-0.443,-79.318
1682590961807,-120.239,35.74,-0.444,-79.026
1682590961855,-120.211,35.51,-0.445,-78.775
1682590961902,-120.185,35.295,-0.445,-78.556
1682590961950,-120.155,35.065,-0.446,-78.338
1682590961996,-120.127,34.849,-0.447,-78.147
1682590962044,-120.095,34.62,-0.448,-77.954
1682590962092,-120.063,34.39,-0.449,-77.772
1682590962140,-120.03,34.161,-0.449,-77.598
1682590962188,-119.993,33.917,-0.45,-77.423
1682590962235,-119.958,33.688,-0.451,-77.266
1682590962283,-119.921,33.459,-0.452,-77.117
1682590962331,-119.886,33.245,-0.452,-76.985
1682590962379,-119.85,33.03,-0.453,-76.861
1682590962427,-119.809,32.788,-0.454,-76.729
1682590962475,-119.769,32.559,-0.454,-76.615
1682590962523,-119.726,32.317,-0.455,-76.506
1682590962571,-119.687,32.103,-0.455,-76.419
1682590962618,-119.647,31.89,-0.456,-76.343
1682590962666,-119.601,31.648,-0.456,-76.268
1682590962714,-119.557,31.42,-0.457,-76.209
1682590962760,-119.515,31.207,-0.457,-76.165
1682590962808,-119.47,30.979,-0.457,-76.128
1682590962856,-119.421,30.738,-0.457,-76.102
1682590962904,-119.381,30.539,-0.458,-76.089
1682590962952,-119.331,30.298,-0.458,-76.084
1682590962999,-119.283,30.071,-0.458,-76.088
1682590963047,-119.235,29.844,-0.458,-76.102
1682590963095,-119.19,29.632,-0.458,-76.122
1682590963143,-119.141,29.405,-0.458,-76.15
1682590963189,-119.088,29.164,-0.458,-76.188
1682590963237,-119.039,28.938,-0.458,-76.229
1682590963284,-118.992,28.726,-0.458,-76.273
1682590963332,-118.944,28.513,-0.459,-76.322
1682590963380,-118.891,28.273,-0.459,-76.381
1682590963426,-118.843,28.061,-0.458,-76.437
1682590963473,-118.792,27.834,-0.458,-76.501
1682590963521,-118.74,27.608,-0.458,-76.567
1682590963569,-118.689,27.382,-0.458,-76.637
1682590963617,-118.637,27.156,-0.458,-76.709
1682590963665,-118.586,26.93,-0.458,-76.783
1682590963712,-118.537,26.718,-0.458,-76.855
1682590963760,-118.492,26.52,-0.458,-76.923
1682590963808,-118.43,26.251,-0.458,-77.018
1682590963856,-118.378,26.025,-0.458,-77.099
1682590963903,-118.329,25.813,-0.458,-77.176
1682590963951,-118.277,25.587,-0.458,-77.259
1682590963999,-118.226,25.361,-0.458,-77.344
1682590964047,-118.174,25.135,-0.458,-77.428
1682590964095,-118.122,24.909,-0.458,-77.513
1682590964140,-118.073,24.696,-0.458,-77.592
1682590964188,-118.025,24.484,-0.458,-77.671
1682590964236,-117.97,24.244,-0.458,-77.76
1682590964284,-117.919,24.018,-0.458,-77.843
1682590964332,-117.868,23.791,-0.458,-77.925
1682590964380,-117.82,23.579,-0.458,-77.998
1682590964428,-117.766,23.339,-0.458,-78.046
1682590964476,-117.715,23.112,-0.458,-78.023
1682590964523,-117.661,22.872,-0.458,-77.896
1682590964571,-117.614,22.659,-0.457,-77.68
1682590964619,-117.566,22.447,-0.458,-77.359
1682590964667,-117.514,22.221,-0.458,-76.9
1682590964715,-117.46,21.98,-0.458,-76.287
1682590964763,-117.41,21.769,-0.458,-75.649
1682590964811,-117.354,21.529,-0.459,-74.832
1682590964859,-117.3,21.303,-0.459,-73.989
1682590964906,-117.245,21.078,-0.46,-73.094
1682590964954,-117.197,20.881,-0.461,-72.284
1682590965002,-117.136,20.642,-0.463,-71.284
1682590965050,-117.078,20.417,-0.464,-70.344
1682590965098,-117.015,20.179,-0.466,-69.363
1682590965146,-116.954,19.956,-0.468,-68.47
1682590965194,-116.899,19.761,-0.47,-67.722
1682590965242,-116.835,19.538,-0.472,-66.909
1682590965289,-116.762,19.288,-0.474,-66.058
1682590965337,-116.704,19.094,-0.467,-65.444
1682590965385,-116.635,18.873,-0.461,-64.793
1682590965433,-116.556,18.625,-0.46,-64.126
1682590965480,-116.488,18.419,-0.462,-63.62
1682590965528,-116.419,18.214,-0.464,-63.156
1682590965576,-116.338,17.982,-0.467,-62.678
1682590965623,-116.26,17.764,-0.469,-62.269
1682590965671,-116.181,17.547,-0.472,-61.895
1682590965719,-116.1,17.331,-0.474,-61.554
1682590965767,-116.022,17.129,-0.468,-61.261
1682590965815,-115.939,16.914,-0.46,-60.971
1682590965863,-115.853,16.699,-0.458,-60.702
1682590965911,-115.765,16.486,-0.459,-60.453
1682590965959,-115.67,16.259,-0.46,-60.208
1682590966006,-115.578,16.047,-0.462,-59.996
1682590966054,-115.497,15.862,-0.463,-59.824
1682590966102,-115.403,15.651,-0.465,-59.645
1682590966150,-115.308,15.441,-0.466,-59.483
1682590966197,-115.211,15.231,-0.468,-59.339
1682590966245,-115.113,15.022,-0.469,-59.213
1682590966293,-115.007,14.8,-0.47,-59.099
1682590966341,-114.919,14.618,-0.471,-59.02
1682590966389,-114.804,14.385,-0.472,-58.938
1682590966437,-114.701,14.178,-0.472,-58.884
1682590966485,-114.604,13.984,-0.465,-58.848
1682590966532,-114.506,13.791,-0.461,-58.824
1682590966580,-114.387,13.56,-0.46,-58.811
1682590966628,-114.293,13.38,-0.459,-58.812
1682590966676,-114.179,13.163,-0.459,-58.825
1682590966724,-114.063,12.946,-0.459,-58.85
1682590966771,-113.961,12.754,-0.459,-58.882
1682590966819,-113.858,12.563,-0.459,-58.923
1682590966867,-113.741,12.347,-0.459,-58.979
1682590966915,-113.636,12.157,-0.459,-59.036
1682590966963,-113.518,11.941,-0.458,-59.11
1682590967010,-113.42,11.764,-0.458,-59.178
1682590967058,-113.293,11.536,-0.458,-59.273
1682590967105,-113.187,11.346,-0.458,-59.359
1682590967153,-113.067,11.131,-0.457,-59.464
1682590967200,-112.961,10.942,-0.457,-59.562
1682590967247,-112.847,10.74,-0.457,-59.671
1682590967295,-112.733,10.538,-0.456,-59.787
1682590967343,-112.626,10.349,-0.456,-59.899
1682590967391,-112.518,10.16,-0.456,-60.015
1682590967439,-112.397,9.945,-0.456,-60.152
1682590967487,-112.282,9.744,-0.455,-60.284
1682590967534,-112.175,9.555,-0.455,-60.411
1682590967582,-112.06,9.353,-0.455,-60.55
1682590967630,-111.931,9.126,-0.454,-60.709
1682590967678,-111.817,8.924,-0.454,-60.852
1682590967726,-111.716,8.748,-0.454,-60.979
1682590967774,-111.602,8.546,-0.454,-61.125
1682590967822,-111.481,8.331,-0.454,-61.281
1682590967870,-111.367,8.129,-0.454,-61.428
1682590967917,-111.253,7.927,-0.453,-61.575
1682590967965,-111.146,7.738,-0.453,-61.712
1682590968013,-111.026,7.523,-0.453,-61.86
1682590968061,-110.912,7.32,-0.453,-61.935
1682590968109,-110.813,7.143,-0.453,-61.886
1682590968157,-110.693,6.928,-0.453,-61.623
1682590968205,-110.58,6.725,-0.453,-61.128
1682590968253,-110.459,6.51,-0.453,-60.312
1682590968300,-110.344,6.309,-0.453,-59.265
1682590968348,-110.236,6.12,-0.455,-58.043
1682590968396,-110.12,5.92,-0.457,-56.505
1682590968444,-110.002,5.72,-0.46,-54.752
1682590968492,-109.882,5.522,-0.464,-52.822
1682590968539,-109.76,5.325,-0.469,-50.754
1682590968587,-109.636,5.13,-0.475,-48.591
1682590968633,-109.519,4.948,-0.476,-46.516
1682590968681,-109.392,4.756,-0.467,-44.288
1682590968728,-109.263,4.565,-0.458,-42.0781682590968776,-109.121,4.366,-0.462,-39.791
1682590968824,-108.983,4.183,-0.471,-37.725
1682590968872,-108.852,4.013,-0.482,-35.884
1682590968920,-108.709,3.833,-0.485,-34.044
1682590968968,-108.556,3.645,-0.479,-32.234
1682590969016,-108.419,3.481,-0.47,-30.771
1682590969064,-108.259,3.299,-0.464,-29.253
1682590969111,-108.124,3.153,-0.468,-28.117
1682590969159,-107.965,2.991,-0.48,-26.949
1682590969207,-107.794,2.82,-0.486,-25.864
1682590969255,-107.631,2.662,-0.481,-24.965
1682590969303,-107.466,2.507,-0.473,-24.176
1682590969351,-107.298,2.355,-0.464,-23.484
1682590969399,-107.127,2.207,-0.464,-22.87
1682590969447,-106.951,2.064,-0.472,-22.341
1682590969494,-106.784,1.933,-0.481,-21.922
1682590969542,-106.605,1.795,-0.48,-21.545
1682590969590,-106.424,1.659,-0.472,-21.23
1682590969638,-106.229,1.518,-0.463,-20.95
1682590969686,-106.066,1.405,-0.465,-20.756
1682590969734,-105.854,1.264,-0.471,-20.553
1682590969782,-105.675,1.149,-0.477,-20.421
1682590969828,-105.495,1.035,-0.474,-20.318
1682590969875,-105.29,0.909,-0.464,-20.226
1682590969923,-105.108,0.799,-0.46,-20.16
1682590969971,-104.898,0.679,-0.463,-20.103
1682590970019,-104.7,0.567,-0.466,-20.063
1682590970066,-104.525,0.471,-0.47,-20.037
1682590970113,-104.323,0.364,-0.474,-20.018
1682590970160,-104.121,0.258,-0.473,-20.011
1682590970209,-103.906,0.146,-0.465,-20.011
1682590970256,-103.702,0.043,-0.462,-20.018
1682590970304,-103.497,-0.058,-0.463,-20.033
1682590970352,-103.303,-0.151,-0.464,-20.053
1682590970400,-103.096,-0.25,-0.465,-20.082
1682590970448,-102.875,-0.353,-0.467,-20.121
1682590970496,-102.693,-0.437,-0.468,-20.161
1682590970544,-102.484,-0.533,-0.469,-20.216
1682590970591,-102.261,-0.633,-0.47,-20.285
1682590970639,-102.05,-0.726,-0.471,-20.361
1682590970687,-101.853,-0.813,-0.471,-20.442
1682590970735,-101.628,-0.91,-0.472,-20.545
1682590970783,-101.416,-1.001,-0.472,-20.653
1682590970831,-101.191,-1.098,-0.467,-20.779
1682590970879,-101.005,-1.177,-0.462,-20.891
1682590970927,-100.792,-1.266,-0.459,-21.028
1682590970975,-100.566,-1.361,-0.458,-21.181
1682590971022,-100.366,-1.444,-0.458,-21.325
1682590971070,-100.152,-1.533,-0.457,-21.485
1682590971118,-99.925,-1.627,-0.457,-21.663
1682590971166,-99.711,-1.715,-0.457,-21.839
1682590971213,-99.497,-1.803,-0.457,-22.023
1682590971261,-99.296,-1.886,-0.456,-22.201
1682590971309,-99.069,-1.979,-0.456,-22.412
1682590971356,-98.868,-2.062,-0.456,-22.604
1682590971404,-98.654,-2.15,-0.456,-22.816
1682590971452,-98.439,-2.238,-0.456,-23.035
1682590971500,-98.225,-2.326,-0.456,-23.26
1682590971547,-98.051,-2.398,-0.456,-23.448
1682590971595,-97.797,-2.504,-0.455,-23.729
1682590971643,-97.596,-2.587,-0.455,-23.955
1682590971690,-97.369,-2.682,-0.455,-24.217
1682590971737,-97.181,-2.761,-0.455,-24.435
1682590971785,-96.968,-2.851,-0.455,-24.669
1682590971833,-96.741,-2.947,-0.455,-24.872
1682590971879,-96.554,-3.027,-0.455,-24.988
1682590971926,-96.314,-3.129,-0.455,-25.051
1682590971973,-96.114,-3.215,-0.455,-25.021
1682590972019,-95.915,-3.301,-0.455,-24.913
1682590972067,-95.715,-3.387,-0.455,-24.728
1682590972115,-95.502,-3.479,-0.455,-24.451
1682590972162,-95.289,-3.571,-0.455,-24.098
1682590972210,-95.062,-3.669,-0.455,-23.653
1682590972258,-94.876,-3.749,-0.455,-23.241
1682590972306,-94.663,-3.84,-0.455,-22.733
1682590972353,-94.436,-3.937,-0.455,-22.162
1682590972401,-94.222,-4.028,-0.455,-21.608
1682590972449,-94.009,-4.118,-0.455,-21.05
1682590972497,-93.795,-4.208,-0.455,-20.497
1682590972545,-93.567,-4.303,-0.455,-19.925
1682590972593,-93.353,-4.391,-0.456,-19.407
1682590972641,-93.152,-4.474,-0.456,-18.943
1682590972689,-92.95,-4.556,-0.457,-18.505
1682590972736,-92.735,-4.642,-0.457,-18.066
1682590972783,-92.506,-4.733,-0.458,-17.635
1682590972831,-92.29,-4.818,-0.458,-17.261
1682590972879,-92.074,-4.902,-0.459,-16.918
1682590972927,-91.885,-4.975,-0.46,-16.64
1682590972975,-91.654,-5.062,-0.461,-16.329
1682590973023,-91.423,-5.148,-0.462,-16.044
1682590973071,-91.219,-5.223,-0.462,-15.81
1682590973118,-91.002,-5.303,-0.463,-15.578
1682590973166,-90.797,-5.376,-0.464,-15.372
1682590973214,-90.565,-5.458,-0.465,-15.152
1682590973262,-90.36,-5.53,-0.466,-14.968
1682590973310,-90.127,-5.61,-0.467,-14.769
1682590973358,-89.907,-5.684,-0.468,-14.59
1682590973406,-89.688,-5.758,-0.468,-14.42
1682590973453,-89.468,-5.83,-0.469,-14.257
1682590973501,-89.261,-5.897,-0.47,-14.113
1682590973549,-89.026,-5.972,-0.471,-13.958
1682590973597,-88.805,-6.042,-0.471,-13.823
1682590973645,-88.598,-6.107,-0.472,-13.705
1682590973693,-88.363,-6.179,-0.467,-13.584
1682590973741,-88.155,-6.242,-0.462,-13.486
1682590973788,-87.919,-6.313,-0.459,-13.387
1682590973836,-87.697,-6.379,-0.459,-13.305
1682590973884,-87.488,-6.44,-0.458,-13.239
1682590973932,-87.266,-6.504,-0.458,-13.179
1682590973980,-87.043,-6.567,-0.458,-13.13
1682590974028,-86.82,-6.63,-0.458,-13.093
1682590974076,-86.596,-6.692,-0.458,-13.066
1682590974124,-86.373,-6.754,-0.458,-13.051
1682590974171,-86.163,-6.811,-0.458,-13.046
1682590974219,-85.939,-6.872,-0.458,-13.05
1682590974267,-85.716,-6.932,-0.458,-13.063
1682590974315,-85.478,-6.995,-0.458,-13.086
1682590974363,-85.253,-7.054,-0.458,-13.116
1682590974411,-85.029,-7.113,-0.458,-13.154
1682590974459,-84.805,-7.172,-0.458,-13.197
1682590974507,-84.58,-7.23,-0.458,-13.247
1682590974554,-84.355,-7.287,-0.457,-13.301
1682590974602,-84.131,-7.345,-0.457,-13.36
1682590974650,-83.92,-7.399,-0.457,-13.419
1682590974698,-83.695,-7.456,-0.457,-13.486
1682590974746,-83.47,-7.513,-0.457,-13.555
1682590974793,-83.231,-7.573,-0.457,-13.633
1682590974841,-83.006,-7.629,-0.457,-13.708
1682590974889,-82.795,-7.682,-0.456,-13.78
1682590974937,-82.57,-7.739,-0.456,-13.86
1682590974985,-82.345,-7.795,-0.456,-13.941
1682590975033,-82.134,-7.848,-0.456,-14.018
1682590975080,-81.895,-7.908,-0.456,-14.107
1682590975128,-81.656,-7.967,-0.456,-14.204
1682590975174,-81.445,-8.02,-0.455,-14.312
1682590975222,-81.248,-8.07,-0.455,-14.444
1682590975269,-81.023,-8.126,-0.455,-14.644
1682590975317,-80.784,-8.187,-0.455,-14.921
1682590975365,-80.573,-8.24,-0.455,-15.223
1682590975413,-80.362,-8.294,-0.455,-15.579
1682590975460,-80.124,-8.356,-0.456,-16.043
1682590975507,-79.885,-8.418,-0.456,-16.564
1682590975555,-79.689,-8.47,-0.456,-17.029
1682590975602,-79.479,-8.526,-0.457,-17.555
1682590975650,-79.241,-8.59,-0.457,-18.175
1682590975698,-79.017,-8.652,-0.458,-18.771
1682590975746,-78.78,-8.718,-0.459,-19.408
1682590975794,-78.557,-8.782,-0.459,-19.999
1682590975842,-78.348,-8.842,-0.46,-20.541
1682590975890,-78.125,-8.907,-0.461,-21.098
1682590975938,-77.89,-8.978,-0.463,-21.661
1682590975985,-77.682,-9.042,-0.464,-22.13
1682590976033,-77.447,-9.115,-0.465,-22.627
1682590976081,-77.226,-9.185,-0.466,-23.061
1682590976129,-77.005,-9.256,-0.468,-23.461
1682590976177,-76.799,-9.324,-0.469,-23.807
1682590976224,-76.566,-9.403,-0.471,-24.166
1682590976271,-76.36,-9.473,-0.472,-24.456
1682590976319,-76.141,-9.549,-0.471,-24.738
1682590976367,-75.923,-9.626,-0.465,-24.997
1682590976415,-75.719,-9.699,-0.463,-25.219
1682590976462,-75.488,-9.784,-0.462,-25.451
1682590976510,-75.284,-9.86,-0.463,-25.639
1682590976558,-75.068,-9.942,-0.463,-25.824
1682590976606,-74.852,-10.025,-0.464,-25.995
1682590976654,-74.623,-10.114,-0.465,-26.161
1682590976702,-74.421,-10.194,-0.466,-26.295
1682590976749,-74.206,-10.281,-0.467,-26.426
1682590976797,-73.992,-10.368,-0.467,-26.544
1682590976845,-73.778,-10.457,-0.468,-26.649
1682590976893,-73.564,-10.546,-0.468,-26.743
1682590976941,-73.351,-10.637,-0.469,-26.824
1682590976989,-73.125,-10.734,-0.469,-26.898
1682590977035,-72.939,-10.814,-0.47,-26.948
1682590977083,-72.727,-10.907,-0.47,-26.994
1682590977130,-72.541,-10.989,-0.47,-27.026
1682590977178,-72.29,-11.101,-0.471,-27.054
1682590977226,-72.092,-11.19,-0.471,-27.066
1682590977274,-71.881,-11.286,-0.471,-27.068
1682590977322,-71.683,-11.376,-0.471,-27.061
1682590977370,-71.473,-11.473,-0.471,-27.044
1682590977418,-71.236,-11.583,-0.471,-27.015
1682590977464,-71.039,-11.674,-0.471,-26.982
1682590977511,-70.829,-11.773,-0.471,-26.94
1682590977559,-70.62,-11.872,-0.471,-26.89
1682590977607,-70.41,-11.971,-0.471,-26.834
1682590977655,-70.214,-12.064,-0.471,-26.776
1682590977703,-70.005,-12.164,-0.471,-26.708
1682590977751,-69.783,-12.27,-0.471,-26.63
1682590977797,-69.6,-12.358,-0.471,-26.562
1682590977845,-69.391,-12.459,-0.471,-26.48
1682590977891,-69.195,-12.553,-0.471,-26.4
1682590977938,-68.986,-12.654,-0.471,-26.311
1682590977986,-68.777,-12.755,-0.471,-26.219
1682590978034,-68.556,-12.863,-0.471,-26.118
1682590978082,-68.347,-12.964,-0.47,-26.02
1682590978130,-68.151,-13.059,-0.47,-25.927
1682590978178,-67.929,-13.166,-0.47,-25.819
1682590978226,-67.721,-13.268,-0.47,-25.717
1682590978273,-67.538,-13.356,-0.47,-25.626
1682590978321,-67.316,-13.464,-0.47,-25.514
1682590978369,-67.107,-13.565,-0.47,-25.409
1682590978417,-66.912,-13.66,-0.47,-25.31
1682590978464,-66.69,-13.767,-0.47,-25.198
1682590978511,-66.481,-13.868,-0.47,-25.094
1682590978559,-66.285,-13.962,-0.47,-24.996
1682590978607,-66.076,-14.063,-0.469,-24.893
1682590978654,-65.866,-14.163,-0.469,-24.791
1682590978702,-65.657,-14.263,-0.469,-24.691
1682590978750,-65.448,-14.363,-0.469,-24.595
1682590978798,-65.251,-14.457,-0.469,-24.54
1682590978846,-65.042,-14.556,-0.469,-24.563
1682590978894,-64.806,-14.668,-0.469,-24.736
1682590978942,-64.61,-14.762,-0.469,-25.024
1682590978990,-64.401,-14.862,-0.469,-25.489
1682590979037,-64.218,-14.95,-0.469,-26.032
1682590979085,-63.996,-15.057,-0.469,-26.855
1682590979133,-63.8,-15.152,-0.462,-27.717
1682590979181,-63.579,-15.26,-0.458,-28.827
1682590979229,-63.372,-15.364,-0.457,-29.975
1682590979277,-63.165,-15.469,-0.458,-31.196
1682590979325,-62.959,-15.575,-0.46,-32.466
1682590979373,-62.753,-15.682,-0.462,-33.76
1682590979420,-62.549,-15.791,-0.465,-35.056
1682590979468,-62.359,-15.895,-0.466,-36.255
1682590979516,-62.143,-16.013,-0.458,-37.575
1682590979564,-61.942,-16.126,-0.446,-38.769
1682590979612,-61.729,-16.249,-0.444,-39.971
1682590979660,-61.556,-16.352,-0.445,-40.902
1682590979708,-61.358,-16.473,-0.449,-41.898
1682590979756,-61.151,-16.603,-0.454,-42.873
1682590979803,-60.956,-16.727,-0.459,-43.712
1682590979851,-60.776,-16.846,-0.461,-44.429
1682590979899,-60.584,-16.973,-0.454,-45.127
1682590979947,-60.381,-17.11,-0.445,-45.803
1682590979995,-60.193,-17.243,-0.444,-46.381
1682590980043,-60.018,-17.369,-0.447,-46.878
1682590980091,-59.833,-17.506,-0.451,-47.362
1682590980138,-59.639,-17.654,-0.456,-47.83
1682590980186,-59.457,-17.795,-0.454,-48.226
1682590980234,-59.276,-17.937,-0.442,-48.587
1682590980282,-59.108,-18.072,-0.437,-48.899
1682590980330,-58.941,-18.209,-0.437,-49.184
1682590980378,-58.766,-18.357,-0.44,-49.46
1682590980426,-58.581,-18.517,-0.443,-49.723
1682590980474,-58.408,-18.669,-0.446,-49.943
1682590980521,-58.237,-18.823,-0.448,-50.136
1682590980569,-58.056,-18.987,-0.448,-50.31
1682590980617,-57.897,-19.133,-0.439,-50.44
1682590980665,-57.73,-19.291,-0.434,-50.559
1682590980713,-57.563,-19.45,-0.433,-50.657
1682590980761,-57.398,-19.61,-0.434,-50.735
1682590980809,-57.224,-19.782,-0.435,-50.797
1682590980857,-57.081,-19.925,-0.436,-50.834
1682590980904,-56.919,-20.089,-0.437,-50.86
1682590980952,-56.748,-20.264,-0.438,-50.867
1682590981000,-56.588,-20.43,-0.436,-50.821
1682590981048,-56.428,-20.597,-0.426,-50.684
1682590981095,-56.269,-20.764,-0.418,-50.433
1682590981143,-56.111,-20.932,-0.414,-50.052
1682590981191,-55.963,-21.09,-0.412,-49.569
1682590981240,-55.795,-21.269,-0.411,-48.875
1682590981285,-55.647,-21.428,-0.41,-48.136
1682590981333,-55.489,-21.596,-0.409,-47.227
1682590981381,-55.341,-21.755,-0.409,-46.275
1682590981429,-55.172,-21.934,-0.408,-45.096
1682590981477,-55.033,-22.081,-0.408,-44.062
1682590981524,-54.854,-22.269,-0.398,-42.672
1682590981572,-54.703,-22.425,-0.389,-41.479
1682590981620,-54.552,-22.58,-0.386,-40.274
1682590981668,-54.369,-22.765,-0.386,-38.831
1682590981716,-54.215,-22.918,-0.388,-37.642
1682590981764,-54.05,-23.08,-0.39,-36.4
1682590981812,-53.884,-23.241,-0.385,-35.191
1682590981860,-53.706,-23.41,-0.371,-33.949
1682590981907,-53.537,-23.567,-0.367,-32.823
1682590981955,-53.377,-23.712,-0.368,-31.812
1682590982003,-53.204,-23.865,-0.372,-30.781
1682590982051,-53.018,-24.025,-0.376,-29.748
1682590982099,-52.865,-24.156,-0.375,-28.951
1682590982147,-52.677,-24.313,-0.362,-28.04
1682590982195,-52.499,-24.459,-0.351,-27.234
1682590982243,-52.33,-24.593,-0.349,-26.52
1682590982290,-52.159,-24.724,-0.352,-25.842
1682590982338,-51.963,-24.87,-0.358,-25.108
1682590982386,-51.765,-25.014,-0.362,-24.409
1682590982434,-51.578,-25.148,-0.356,-23.779
1682590982482,-51.414,-25.263,-0.343,-23.247
1682590982530,-51.201,-25.409,-0.328,-22.582
1682590982578,-51.022,-25.528,-0.326,-22.05
1682590982624,-50.828,-25.651,-0.329,-21.507
1682590982672,-50.645,-25.764,-0.333,-21.024
1682590982719,-50.449,-25.883,-0.334,-20.545
1682590982766,-50.264,-25.993,-0.325,-20.131
1682590982813,-50.054,-26.117,-0.307,-19.704
1682590982861,-49.855,-26.23,-0.298,-19.34
1682590982909,-49.654,-26.34,-0.297,-19.017
1682590982957,-49.451,-26.448,-0.298,-18.737
1682590983005,-49.247,-26.553,-0.301,-18.498
1682590983053,-49.042,-26.657,-0.304,-18.302
1682590983100,-48.836,-26.759,-0.302,-18.15
1682590983148,-48.656,-26.848,-0.291,-18.047
1682590983196,-48.437,-26.954,-0.275,-17.955
1682590983244,-48.228,-27.052,-0.27,-17.87
1682590983291,-48.019,-27.147,-0.27,-17.717
1682590983339,-47.796,-27.247,-0.272,-17.412
1682590983387,-47.585,-27.338,-0.274,-16.945
1682590983435,-47.386,-27.423,-0.278,-16.327
1682590983483,-47.186,-27.505,-0.281,-15.526
1682590983531,-46.946,-27.601,-0.287,-14.329
1682590983579,-46.744,-27.679,-0.292,-13.151
1682590983627,-46.542,-27.754,-0.298,-11.831
1682590983674,-46.312,-27.836,-0.306,-10.195
1682590983722,-46.108,-27.906,-0.313,-8.661
1682590983770,-45.876,-27.982,-0.323,-6.858
1682590983818,-45.671,-28.046,-0.331,-5.243
1682590983866,-45.451,-28.111,-0.334,-3.532
1682590983912,-45.231,-28.175,-0.327,-1.853
1682590983960,-44.996,-28.238,-0.322,-0.125
1682590984008,-44.788,-28.289,-0.327,1.327
1682590984055,-44.565,-28.339,-0.336,2.788
1682590984103,-44.355,-28.383,-0.346,4.067
1682590984151,-44.117,-28.429,-0.347,5.401
1682590984199,-43.893,-28.471,-0.339,6.556
1682590984247,-43.682,-28.506,-0.332,7.562
1682590984295,-43.443,-28.54,-0.336,8.609
1682590984343,-43.217,-28.566,-0.345,9.509
1682590984391,-42.99,-28.589,-0.356,10.331
1682590984438,-42.778,-28.606,-0.363,11.028
1682590984486,-42.551,-28.624,-0.36,11.706
1682590984534,-42.339,-28.637,-0.354,12.287
1682590984582,-42.083,-28.647,-0.356,12.921
1682590984628,-41.87,-28.65,-0.363,13.394
1682590984676,-41.643,-28.651,-0.372,13.846
1682590984723,-41.43,-28.648,-0.378,14.217
1682590984771,-41.188,-28.644,-0.374,14.582
1682590984818,-40.961,-28.636,-0.369,14.884
1682590984866,-40.748,-28.625,-0.371,15.127
1682590984914,-40.535,-28.611,-0.376,15.336
1682590984962,-40.28,-28.591,-0.382,15.544
1682590985010,-40.053,-28.57,-0.387,15.693
1682590985058,-39.854,-28.549,-0.391,15.798
1682590985106,-39.613,-28.522,-0.396,15.896
1682590985153,-39.401,-28.495,-0.399,15.96
1682590985201,-39.16,-28.463,-0.402,16.008
1682590985249,-38.948,-28.434,-0.397,16.032
1682590985297,-38.708,-28.397,-0.395,16.045
1682590985345,-38.496,-28.363,-0.396,16.045
1682590985393,-38.256,-28.323,-0.397,16.034
1682590985441,-38.044,-28.286,-0.399,16.016
1682590985488,-37.832,-28.247,-0.4,15.991
1682590985536,-37.592,-28.202,-0.401,15.954
1682590985584,-37.353,-28.155,-0.403,15.911
1682590985632,-37.141,-28.112,-0.403,15.866
1682590985680,-36.902,-28.063,-0.404,15.807
1682590985728,-36.691,-28.018,-0.405,15.75
1682590985776,-36.465,-27.969,-0.405,15.681
1682590985824,-36.24,-27.92,-0.405,15.604
1682590985872,-36.015,-27.869,-0.405,15.52
1682590985919,-35.79,-27.818,-0.406,15.428
1682590985967,-35.551,-27.763,-0.406,15.321
1682590986015,-35.34,-27.714,-0.406,15.218
1682590986063,-35.101,-27.657,-0.405,15.092
1682590986111,-34.89,-27.607,-0.405,14.973
1682590986159,-34.68,-27.556,-0.405,14.847
1682590986207,-34.441,-27.499,-0.405,14.694
1682590986255,-34.23,-27.447,-0.405,14.552
1682590986302,-34.005,-27.392,-0.405,14.392
1682590986350,-33.766,-27.334,-0.404,14.213
1682590986398,-33.555,-27.282,-0.404,14.048
1682590986446,-33.33,-27.227,-0.404,13.866
1682590986494,-33.105,-27.171,-0.404,13.676
1682590986541,-32.88,-27.116,-0.404,13.481
1682590986589,-32.655,-27.061,-0.404,13.278
1682590986637,-32.415,-27.002,-0.403,13.052
1682590986685,-32.218,-26.954,-0.403,12.856
1682590986733,-32.007,-26.903,-0.403,12.636
1682590986780,-31.753,-26.841,-0.403,12.356
1682590986828,-31.542,-26.791,-0.403,12.111
1682590986876,-31.302,-26.733,-0.403,11.819
1682590986924,-31.076,-26.68,-0.403,11.532
1682590986972,-30.864,-26.63,-0.403,11.254
1682590987020,-30.624,-26.574,-0.403,10.931
1682590987068,-30.383,-26.519,-0.403,10.6
1682590987115,-30.185,-26.474,-0.404,10.324
1682590987163,-29.959,-26.424,-0.404,10.007
1682590987211,-29.732,-26.374,-0.404,9.691
1682590987259,-29.505,-26.324,-0.405,9.377
1682590987307,-29.279,-26.276,-0.405,9.067
1682590987355,-29.051,-26.228,-0.405,8.763
1682590987403,-28.824,-26.18,-0.406,8.467
1682590987451,-28.597,-26.134,-0.406,8.18
1682590987498,-28.369,-26.088,-0.407,7.904
1682590987546,-28.142,-26.044,-0.407,7.639
1682590987594,-27.914,-26.0,-0.408,7.386
1682590987642,-27.671,-25.954,-0.408,7.131
1682590987690,-27.443,-25.912,-0.409,6.905
1682590987738,-27.229,-25.873,-0.41,6.704
1682590987786,-27.001,-25.833,-0.41,6.504
1682590987833,-26.786,-25.795,-0.411,6.329
1682590987881,-26.543,-25.754,-0.411,6.144
1682590987929,-26.315,-25.716,-0.412,5.984
1682590987977,-26.086,-25.679,-0.412,5.838
1682590988025,-25.871,-25.645,-0.413,5.712
1682590988073,-25.627,-25.607,-0.413,5.583
1682590988120,-25.398,-25.572,-0.414,5.475
1682590988168,-25.183,-25.54,-0.414,5.384
1682590988216,-24.939,-25.505,-0.414,5.292
1682590988264,-24.709,-25.472,-0.415,5.218
1682590988312,-24.494,-25.442,-0.415,5.157
1682590988360,-24.264,-25.411,-0.415,5.103
1682590988408,-24.02,-25.378,-0.416,5.055
1682590988456,-23.804,-25.35,-0.416,5.021
1682590988503,-23.559,-25.319,-0.416,4.992
1682590988551,-23.344,-25.292,-0.416,4.974
1682590988599,-23.113,-25.263,-0.416,4.962
1682590988647,-22.869,-25.234,-0.417,4.957
1682590988695,-22.638,-25.206,-0.417,4.96
1682590988743,-22.422,-25.181,-0.417,4.969
1682590988791,-22.192,-25.155,-0.417,4.984
1682590988839,-21.961,-25.128,-0.417,5.005
1682590988886,-21.73,-25.103,-0.417,5.032
1682590988934,-21.514,-25.079,-0.417,5.061
1682590988980,-21.283,-25.054,-0.417,5.098
1682590989028,-21.038,-25.027,-0.417,5.142
1682590989076,-20.822,-25.004,-0.417,5.185
1682590989123,-20.591,-24.98,-0.417,5.235
1682590989171,-20.36,-24.956,-0.417,5.288
1682590989219,-20.129,-24.932,-0.417,5.345
1682590989267,-19.913,-24.909,-0.417,5.402
1682590989315,-19.668,-24.884,-0.417,5.469
1682590989363,-19.437,-24.86,-0.417,5.534
1682590989411,-19.22,-24.838,-0.417,5.598
1682590989458,-18.975,-24.813,-0.417,5.672
1682590989505,-18.744,-24.79,-0.417,5.744
1682590989552,-18.527,-24.768,-0.416,5.812
1682590989600,-18.296,-24.745,-0.416,5.886
1682590989646,-18.065,-24.721,-0.416,5.961
1682590989694,-17.849,-24.699,-0.416,6.032
1682590989741,-17.632,-24.677,-0.416,6.103
1682590989789,-17.401,-24.653,-0.416,6.178
1682590989836,-17.156,-24.628,-0.416,6.258
1682590989884,-16.925,-24.605,-0.416,6.333
1682590989932,-16.694,-24.581,-0.416,6.408
1682590989980,-16.478,-24.558,-0.416,6.476
1682590990028,-16.247,-24.534,-0.416,6.549
1682590990074,-16.03,-24.511,-0.416,6.615
1682590990121,-15.785,-24.485,-0.416,6.689
1682590990169,-15.554,-24.461,-0.416,6.756
1682590990217,-15.338,-24.438,-0.416,6.818
1682590990265,-15.092,-24.411,-0.416,6.886
1682590990313,-14.862,-24.386,-0.416,6.947
1682590990361,-14.631,-24.361,-0.416,7.007
1682590990409,-14.414,-24.337,-0.416,7.06
1682590990457,-14.169,-24.31,-0.416,7.118
1682590990504,-13.939,-24.284,-0.416,7.171
1682590990552,-13.722,-24.26,-0.416,7.217
1682590990600,-13.492,-24.234,-0.416,7.265
1682590990648,-13.247,-24.206,-0.416,7.328
1682590990696,-13.03,-24.181,-0.416,7.411
1682590990744,-12.814,-24.156,-0.416,7.536
1682590990791,-12.584,-24.128,-0.416,7.723
1682590990839,-12.339,-24.099,-0.416,7.991
1682590990887,-12.108,-24.071,-0.416,8.308
1682590990935,-11.892,-24.044,-0.416,8.662
1682590990983,-11.647,-24.013,-0.417,9.121
1682590991031,-11.417,-23.984,-0.417,9.603
1682590991078,-11.202,-23.955,-0.418,10.089
1682590991126,-10.972,-23.924,-0.418,10.633
1682590991174,-10.742,-23.891,-0.419,11.194
1682590991221,-10.512,-23.858,-0.42,11.76
1682590991269,-10.283,-23.824,-0.421,12.323
1682590991317,-10.068,-23.791,-0.421,12.84
1682590991364,-9.824,-23.753,-0.423,13.404
1682590991412,-9.61,-23.718,-0.424,13.878
1682590991460,-9.381,-23.68,-0.425,14.355
1682590991508,-9.138,-23.638,-0.426,14.826
1682590991556,-8.91,-23.597,-0.427,15.233
1682590991603,-8.696,-23.558,-0.428,15.584
1682590991651,-8.454,-23.513,-0.429,15.946
1682590991699,-8.241,-23.471,-0.431,16.236
1682590991747,-8.013,-23.426,-0.432,16.515
1682590991795,-7.786,-23.379,-0.433,16.766
1682590991843,-7.559,-23.332,-0.434,16.992
1682590991891,-7.319,-23.28,-0.436,17.208
1682590991938,-7.107,-23.233,-0.437,17.378
1682590991986,-6.881,-23.182,-0.438,17.543
1682590992034,-6.655,-23.13,-0.439,17.692
1682590992082,-6.429,-23.076,-0.44,17.827
1682590992130,-6.218,-23.026,-0.441,17.941
1682590992178,-5.965,-22.963,-0.442,18.065
1682590992226,-5.754,-22.91,-0.442,18.157
1682590992274,-5.544,-22.857,-0.443,18.241
1682590992321,-5.306,-22.795,-0.444,18.325
1682590992369,-5.082,-22.735,-0.445,18.394
1682590992417,-4.872,-22.679,-0.445,18.45
1682590992465,-4.648,-22.618,-0.446,18.501
1682590992513,-4.411,-22.553,-0.446,18.545
1682590992561,-4.188,-22.49,-0.447,18.576
1682590992609,-3.965,-22.427,-0.447,18.598
1682590992656,-3.742,-22.363,-0.447,18.61
1682590992704,-3.519,-22.299,-0.448,18.613
1682590992752,-3.297,-22.234,-0.448,18.607
1682590992800,-3.074,-22.168,-0.448,18.592
1682590992848,-2.866,-22.106,-0.448,18.57
1682590992896,-2.644,-22.039,-0.448,18.539
1682590992944,-2.422,-21.972,-0.448,18.5
1682590992991,-2.2,-21.905,-0.448,18.453
1682590993039,-1.978,-21.837,-0.448,18.4
1682590993087,-1.771,-21.773,-0.449,18.344
1682590993135,-1.549,-21.705,-0.449,18.279
1682590993183,-1.327,-21.636,-0.449,18.208
1682590993231,-1.092,-21.563,-0.449,18.127
1682590993279,-0.885,-21.498,-0.448,18.052
1682590993326,-0.663,-21.429,-0.448,17.968
1682590993374,-0.442,-21.359,-0.448,17.881
1682590993422,-0.221,-21.289,-0.448,17.791
1682590993470,0.014,-21.215,-0.448,17.692
1682590993518,0.222,-21.15,-0.448,17.603
1682590993566,0.443,-21.08,-0.448,17.507
1682590993614,0.651,-21.015,-0.448,17.415
1682590993662,0.886,-20.941,-0.448,17.31
1682590993709,1.107,-20.871,-0.448,17.21
1682590993757,1.328,-20.801,-0.448,17.109
1682590993805,1.564,-20.727,-0.448,17.003
1682590993853,1.771,-20.662,-0.448,16.909
1682590993901,1.993,-20.593,-0.448,16.809
1682590993949,2.228,-20.519,-0.448,16.704
1682590993997,2.422,-20.459,-0.448,16.618
1682590994045,2.643,-20.39,-0.448,16.521
1682590994092,2.879,-20.316,-0.448,16.42
1682590994140,3.1,-20.248,-0.448,16.326
1682590994188,3.308,-20.184,-0.448,16.24
1682590994236,3.544,-20.111,-0.448,16.145
1682590994284,3.766,-20.043,-0.448,16.058
1682590994332,3.988,-19.976,-0.448,15.974
1682590994379,4.196,-19.912,-0.448,15.897
1682590994427,4.418,-19.845,-0.448,15.818
1682590994475,4.654,-19.774,-0.448,15.738
1682590994523,4.876,-19.707,-0.448,15.666
1682590994571,5.084,-19.644,-0.448,15.601
1682590994619,5.307,-19.578,-0.448,15.536
1682590994667,5.529,-19.512,-0.448,15.478
1682590994714,5.752,-19.446,-0.448,15.436
1682590994762,5.974,-19.381,-0.448,15.417
1682590994810,6.197,-19.315,-0.448,15.425
1682590994858,6.42,-19.25,-0.448,15.461
1682590994906,6.642,-19.185,-0.448,15.527
1682590994954,6.865,-19.12,-0.448,15.622
1682590995002,7.088,-19.055,-0.448,15.744
1682590995050,7.297,-18.994,-0.448,15.878
1682590995097,7.52,-18.929,-0.448,16.041
1682590995145,7.756,-18.86,-0.448,16.23
1682590995193,7.965,-18.799,-0.448,16.408
1682590995241,8.202,-18.73,-0.447,16.615
1682590995288,8.41,-18.669,-0.447,16.801
1682590995336,8.633,-18.604,-0.447,16.998
1682590995384,8.87,-18.534,-0.447,17.203
1682590995432,9.078,-18.472,-0.447,17.378
1682590995480,9.315,-18.402,-0.447,17.568
1682590995527,9.537,-18.336,-0.447,17.737
1682590995574,9.732,-18.278,-0.447,17.876
1682590995622,9.954,-18.212,-0.448,18.026
1682590995669,10.176,-18.145,-0.448,18.165
1682590995717,10.412,-18.073,-0.448,18.303
1682590995765,10.62,-18.01,-0.448,18.416
1682590995813,10.842,-17.942,-0.448,18.528
1682590995861,11.064,-17.874,-0.448,18.633
1682590995909,11.286,-17.805,-0.448,18.732
1682590995956,11.507,-17.737,-0.448,18.826
1682590996004,11.715,-17.672,-0.448,18.909
1682590996051,11.95,-17.598,-0.448,19.0
1682590996099,12.171,-17.528,-0.448,19.081
1682590996147,12.392,-17.458,-0.448,19.159
1682590996195,12.6,-17.391,-0.448,19.23
1682590996243,12.834,-17.316,-0.448,19.307
1682590996291,13.041,-17.249,-0.448,19.373
1682590996339,13.276,-17.173,-0.448,19.444
1682590996386,13.469,-17.11,-0.449,19.499
1682590996434,13.717,-17.029,-0.449,19.567
1682590996482,13.937,-16.956,-0.449,19.623
1682590996530,14.157,-16.883,-0.449,19.675
1682590996578,14.364,-16.814,-0.449,19.72
1682590996626,14.584,-16.741,-0.449,19.764
1682590996674,14.804,-16.667,-0.449,19.803
1682590996721,15.024,-16.593,-0.449,19.838
1682590996769,15.23,-16.523,-0.449,19.866
1682590996817,15.449,-16.448,-0.449,19.891
1682590996865,15.669,-16.373,-0.449,19.911
1682590996912,15.875,-16.303,-0.449,19.927
1682590996960,16.108,-16.222,-0.449,19.939
1682590997008,16.327,-16.147,-0.449,19.947
1682590997056,16.546,-16.071,-0.449,19.95
1682590997103,16.766,-15.995,-0.449,19.95
1682590997151,16.985,-15.919,-0.449,19.946
1682590997199,17.204,-15.842,-0.449,19.939
1682590997247,17.409,-15.77,-0.449,19.93
1682590997295,17.655,-15.684,-0.449,19.916
1682590997343,17.861,-15.612,-0.449,19.902
1682590997390,18.08,-15.535,-0.449,19.884
1682590997438,18.298,-15.458,-0.449,19.865
1682590997486,18.517,-15.38,-0.449,19.844
1682590997534,18.736,-15.303,-0.449,19.821
1682590997581,18.955,-15.226,-0.449,19.797
1682590997629,19.16,-15.153,-0.449,19.773
1682590997677,19.392,-15.071,-0.449,19.744
1682590997725,19.597,-14.998,-0.449,19.718
1682590997773,19.816,-14.92,-0.448,19.69
1682590997821,20.021,-14.847,-0.448,19.662
1682590997869,20.253,-14.765,-0.448,19.63
1682590997917,20.472,-14.687,-0.448,19.599
1682590997964,20.704,-14.604,-0.448,19.566
1682590998012,20.909,-14.532,-0.448,19.536
1682590998060,21.128,-14.454,-0.448,19.504
1682590998108,21.346,-14.376,-0.448,19.472
1682590998156,21.565,-14.298,-0.448,19.44
1682590998204,21.797,-14.216,-0.448,19.406
1682590998252,22.002,-14.143,-0.448,19.376
1682590998300,22.221,-14.065,-0.448,19.344
1682590998347,22.44,-13.988,-0.448,19.312
1682590998395,22.659,-13.91,-0.448,19.281
1682590998443,22.877,-13.833,-0.448,19.25
1682590998491,23.082,-13.76,-0.448,19.222
1682590998539,23.301,-13.683,-0.448,19.182
1682590998587,23.52,-13.606,-0.448,19.101
1682590998635,23.753,-13.524,-0.448,18.935
1682590998683,23.958,-13.452,-0.448,18.703
1682590998730,24.191,-13.37,-0.448,18.329
1682590998778,24.41,-13.294,-0.448,17.865
1682590998826,24.629,-13.219,-0.449,17.294
1682590998874,24.835,-13.149,-0.449,16.669
1682590998922,25.055,-13.075,-0.45,15.919
1682590998970,25.275,-13.002,-0.451,15.098
1682590999018,25.496,-12.93,-0.452,14.222
1682590999065,25.717,-12.86,-0.454,13.309
1682590999113,25.938,-12.79,-0.455,12.378
1682590999161,26.159,-12.722,-0.457,11.445
1682590999209,26.381,-12.656,-0.459,10.525
1682590999257,26.604,-12.591,-0.462,9.631
1682590999305,26.826,-12.528,-0.464,8.774
1682590999352,27.035,-12.469,-0.458,8.013
1682590999400,27.258,-12.408,-0.45,7.247
1682590999448,27.496,-12.346,-0.449,6.493
1682590999496,27.707,-12.294,-0.45,5.88
1682590999544,27.931,-12.239,-0.452,5.278
1682590999592,28.171,-12.184,-0.455,4.696
1682590999640,28.396,-12.133,-0.457,4.2
1682590999688,28.622,-12.085,-0.46,3.75
1682590999735,28.834,-12.041,-0.463,3.367
1682590999783,29.075,-11.993,-0.459,2.977
1682590999831,29.287,-11.952,-0.451,2.663
1682590999879,29.529,-11.908,-0.448,2.339
1682590999927,29.728,-11.874,-0.449,2.094
1682590999975,29.97,-11.834,-0.45,1.822
1682591000023,30.198,-11.798,-0.452,1.589
1682591000071,30.427,-11.765,-0.454,1.377
1682591000118,30.67,-11.731,-0.456,1.173
1682591000166,30.884,-11.702,-0.458,1.012
1682591000214,31.113,-11.673,-0.459,0.857
1682591000262,31.343,-11.646,-0.461,0.721
1682591000309,31.558,-11.622,-0.462,0.609
1682591000356,31.802,-11.596,-0.463,0.501
1682591000404,32.017,-11.574,-0.457,0.422
1682591000451,32.247,-11.552,-0.453,0.351
1682591000499,32.478,-11.531,-0.452,0.295
1682591000546,32.708,-11.512,-0.452,0.253
1682591000594,32.924,-11.495,-0.452,0.225
1682591000642,33.155,-11.478,-0.452,0.208
1682591000690,33.385,-11.461,-0.452,0.203
1682591000737,33.616,-11.446,-0.452,0.211
1682591000785,33.847,-11.432,-0.452,0.23
1682591000833,34.078,-11.418,-0.452,0.26
1682591000881,34.309,-11.406,-0.452,0.301
1682591000928,34.54,-11.394,-0.452,0.352
1682591000976,34.772,-11.382,-0.452,0.412
1682591001024,34.988,-11.372,-0.452,0.477
1682591001072,35.234,-11.362,-0.452,0.56
1682591001120,35.466,-11.352,-0.451,0.646
1682591001168,35.697,-11.343,-0.451,0.74
1682591001215,35.914,-11.334,-0.451,0.834
1682591001263,36.16,-11.325,-0.451,0.947
1682591001311,36.363,-11.318,-0.45,1.045
1682591001359,36.624,-11.309,-0.45,1.177
1682591001407,36.826,-11.302,-0.45,1.284
1682591001454,37.087,-11.294,-0.45,1.427
1682591001502,37.319,-11.286,-0.449,1.558
1682591001550,37.551,-11.279,-0.449,1.693
1682591001598,37.783,-11.272,-0.449,1.81
1682591001646,38.0,-11.265,-0.449,1.87
1682591001694,38.232,-11.258,-0.448,1.852
1682591001742,38.449,-11.251,-0.448,1.739
1682591001790,38.695,-11.244,-0.448,1.485
1682591001837,38.927,-11.238,-0.448,1.118
1682591001885,39.159,-11.232,-0.448,0.631
1682591001933,39.391,-11.227,-0.448,0.03
1682591001981,39.594,-11.223,-0.449,-0.578
1682591002028,39.855,-11.218,-0.449,-1.454
1682591002076,40.087,-11.216,-0.45,-2.303
1682591002124,40.304,-11.214,-0.451,-3.141
1682591002172,40.536,-11.213,-0.452,-4.062
1682591002219,40.768,-11.214,-0.453,-4.993
1682591002267,41.0,-11.216,-0.455,-5.918
1682591002315,41.231,-11.22,-0.457,-6.823
1682591002363,41.463,-11.225,-0.459,-7.697
1682591002411,41.694,-11.232,-0.461,-8.53
1682591002459,41.926,-11.24,-0.463,-9.316
1682591002507,42.157,-11.249,-0.456,-10.049
1682591002555,42.388,-11.26,-0.449,-10.731
1682591002602,42.619,-11.274,-0.447,-11.359
1682591002650,42.85,-11.289,-0.448,-11.934
1682591002698,43.066,-11.305,-0.45,-12.428
1682591002746,43.296,-11.325,-0.453,-12.91
1682591002793,43.526,-11.346,-0.455,-13.349
1682591002841,43.771,-11.37,-0.458,-13.773
1682591002889,44.001,-11.395,-0.461,-14.136
1682591002937,44.23,-11.422,-0.463,-14.467
1682591002985,44.445,-11.448,-0.458,-14.75
1682591003033,44.674,-11.478,-0.449,-15.03
1682591003081,44.917,-11.511,-0.447,-15.303
1682591003129,45.131,-11.543,-0.447,-15.525
1682591003176,45.359,-11.579,-0.449,-15.745
1682591003224,45.587,-11.616,-0.45,-15.947
1682591003272,45.815,-11.655,-0.452,-16.131
1682591003320,46.042,-11.695,-0.453,-16.297
1682591003368,46.27,-11.737,-0.455,-16.446
1682591003416,46.511,-11.784,-0.456,-16.585
1682591003464,46.723,-11.826,-0.457,-16.691
1682591003511,46.95,-11.872,-0.458,-16.787
1682591003559,47.162,-11.916,-0.459,-16.862
1682591003607,47.402,-11.968,-0.46,-16.928
1682591003655,47.613,-12.015,-0.46,-16.971
1682591003702,47.853,-12.069,-0.461,-17.004
1682591003748,48.064,-12.118,-0.461,-17.018
1682591003796,48.275,-12.167,-0.462,-17.021
1682591003844,48.514,-12.224,-0.455,-17.009
1682591003892,48.739,-12.279,-0.45,-16.986
1682591003940,48.95,-12.331,-0.448,-16.956
1682591003988,49.174,-12.387,-0.447,-16.915
1682591004035,49.413,-12.448,-0.447,-16.862
1682591004083,49.623,-12.502,-0.447,-16.808
1682591004131,49.861,-12.563,-0.446,-16.739
1682591004179,50.071,-12.619,-0.446,-16.672
1682591004227,50.295,-12.678,-0.446,-16.593
1682591004275,50.519,-12.738,-0.445,-16.507
1682591004322,50.743,-12.798,-0.445,-16.415
1682591004368,50.952,-12.854,-0.445,-16.323
1682591004414,51.176,-12.915,-0.444,-16.219
1682591004462,51.386,-12.972,-0.444,-16.116
1682591004509,51.609,-13.034,-0.444,-16.001
1682591004556,51.833,-13.095,-0.443,-15.88
1682591004604,52.057,-13.157,-0.443,-15.755
1682591004652,52.28,-13.218,-0.443,-15.626
1682591004700,52.504,-13.28,-0.442,-15.492
1682591004748,52.727,-13.342,-0.442,-15.355
1682591004795,52.951,-13.404,-0.442,-15.215
1682591004843,53.175,-13.465,-0.442,-15.072
1682591004891,53.398,-13.527,-0.441,-14.927
1682591004939,53.608,-13.585,-0.441,-14.79
1682591004987,53.846,-13.65,-0.441,-14.633
1682591005034,54.069,-13.711,-0.441,-14.485
1682591005082,54.279,-13.768,-0.441,-14.346
1682591005130,54.517,-13.833,-0.44,-14.189
1682591005178,54.741,-13.894,-0.44,-14.043
1682591005226,54.965,-13.954,-0.44,-13.898
1682591005274,55.175,-14.01,-0.44,-13.764
1682591005322,55.399,-14.07,-0.44,-13.623
1682591005370,55.624,-14.13,-0.44,-13.482
1682591005417,55.848,-14.189,-0.44,-13.33
1682591005465,56.073,-14.248,-0.44,-13.153
1682591005513,56.283,-14.302,-0.44,-12.957
1682591005561,56.508,-14.36,-0.44,-12.711
1682591005609,56.747,-14.421,-0.44,-12.404
1682591005657,56.972,-14.478,-0.44,-12.073
1682591005705,57.197,-14.534,-0.441,-11.705
1682591005753,57.422,-14.59,-0.441,-11.303
1682591005800,57.648,-14.645,-0.441,-10.875
1682591005848,57.859,-14.695,-0.442,-10.456
1682591005896,58.099,-14.752,-0.442,-9.969
1682591005944,58.311,-14.801,-0.443,-9.535
1682591005992,58.551,-14.855,-0.444,-9.046
1682591006040,58.778,-14.906,-0.445,-8.595
1682591006088,58.99,-14.952,-0.445,-8.186
1682591006136,59.217,-15.0,-0.446,-7.769
1682591006183,59.444,-15.048,-0.447,-7.375
1682591006231,59.671,-15.094,-0.448,-7.006
1682591006279,59.885,-15.137,-0.449,-6.685
1682591006327,60.126,-15.184,-0.45,-6.35
1682591006374,60.354,-15.227,-0.451,-6.063
1682591006422,60.568,-15.266,-0.452,-5.818
1682591006470,60.811,-15.31,-0.453,-5.567
1682591006518,61.039,-15.35,-0.454,-5.354
1682591006565,61.254,-15.386,-0.455,-5.174
1682591006613,61.497,-15.427,-0.455,-4.99
1682591006661,61.726,-15.463,-0.456,-4.835
1682591006709,61.941,-15.497,-0.457,-4.703
1682591006757,62.17,-15.532,-0.458,-4.576
1682591006805,62.414,-15.568,-0.459,-4.454
1682591006853,62.643,-15.601,-0.459,-4.352
1682591006900,62.859,-15.631,-0.46,-4.264
1682591006948,63.089,-15.662,-0.461,-4.18
1682591006996,63.319,-15.692,-0.461,-4.105
1682591007044,63.549,-15.722,-0.462,-4.039
1682591007090,63.779,-15.75,-0.462,-3.981
1682591007138,64.01,-15.778,-0.463,-3.931
1682591007186,64.226,-15.804,-0.463,-3.892
1682591007233,64.471,-15.832,-0.463,-3.857
1682591007281,64.687,-15.856,-0.464,-3.834
1682591007329,64.932,-15.883,-0.464,-3.816
1682591007377,65.149,-15.906,-0.464,-3.809
1682591007425,65.38,-15.93,-0.464,-3.809
1682591007472,65.611,-15.953,-0.464,-3.817
1682591007520,65.842,-15.976,-0.464,-3.833
1682591007568,66.073,-15.999,-0.465,-3.858
1682591007615,66.276,-16.018,-0.465,-3.886
1682591007663,66.536,-16.043,-0.465,-3.929
1682591007711,66.753,-16.063,-0.465,-3.973
1682591007759,66.999,-16.085,-0.465,-4.029
1682591007807,67.216,-16.105,-0.465,-4.084
1682591007855,67.462,-16.126,-0.465,-4.153
1682591007903,67.693,-16.147,-0.465,-4.223
1682591007951,67.91,-16.166,-0.465,-4.293
1682591007998,68.142,-16.185,-0.465,-4.372
1682591008046,68.359,-16.204,-0.465,-4.45
1682591008094,68.605,-16.225,-0.465,-4.542
1682591008142,68.837,-16.245,-0.465,-4.631
1682591008190,69.069,-16.264,-0.465,-4.724
1682591008238,69.301,-16.284,-0.465,-4.818
1682591008286,69.532,-16.303,-0.464,-4.915
1682591008334,69.764,-16.323,-0.464,-5.013
1682591008381,69.982,-16.341,-0.464,-5.107
1682591008429,70.228,-16.362,-0.464,-5.214
1682591008477,70.46,-16.382,-0.464,-5.315
1682591008525,70.692,-16.402,-0.464,-5.417
1682591008573,70.923,-16.422,-0.464,-5.518
1682591008621,71.155,-16.442,-0.464,-5.619
1682591008669,71.387,-16.462,-0.464,-5.717
1682591008717,71.604,-16.481,-0.464,-5.804
1682591008764,71.851,-16.503,-0.464,-5.897
1682591008812,72.068,-16.522,-0.464,-5.974
1682591008860,72.314,-16.545,-0.464,-6.057
1682591008908,72.546,-16.566,-0.464,-6.133
1682591008956,72.763,-16.586,-0.464,-6.202
1682591009004,72.995,-16.608,-0.464,-6.279
1682591009052,73.241,-16.631,-0.464,-6.367
1682591009100,73.458,-16.652,-0.464,-6.454
1682591009147,73.69,-16.674,-0.464,-6.563
1682591009195,73.935,-16.698,-0.464,-6.707
